picture_count,stock_number,model_year,make,model,style,exterior_color,mileage,has_condition_report,grade,lights_raw,announcements,vin,batch_id,source_file,ingested_at,primary_light,mileage_bucket,grade_tier,drivetrain_type,wmi_prefix,snapshot_date,vehicle_age,is_as_is,is_inop,has_structural_damage,is_salvage,is_repo,is_green_light
16,230450,2026,BMW,2-Series,228,GRAY,4371,1,4.7,Green,GREEN LIGHT,WBA83GG04T7T08094,2e3296c3b796,edge_pipeline_vehicle_search_2026-06-09.csv,2026-06-10T16:54:50.344002+00:00,GREEN,LOW,EXCELLENT,UNKNOWN,WBA,2026-06-10,0,0,0,0,0,0,1
14,1003003,2025,BMW,2-Series,228 xDrive,WHITE,7110,1,4.8,Red,,WBA23GG05S7S45401,2e3296c3b796,edge_pipeline_vehicle_search_2026-06-09.csv,2026-06-10T16:54:50.344002+00:00,RED,LOW,EXCELLENT,AWD,WBA,2026-06-10,1,0,0,0,0,0,0
13,1003110,2024,BMW,2-Series,M235i xDrive,WHITE,8243,1,5.0,Red,,WBA13AL04R7R79424,2e3296c3b796,edge_pipeline_vehicle_search_2026-06-09.csv,2026-06-10T16:54:50.344002+00:00,RED,LOW,EXCELLENT,AWD,WBA,2026-06-10,2,0,0,0,0,0,0
28,333378,2024,BMW,2-Series,M240i,GRAY,18187,1,4.5,Green,GREEN LIGHT,3MW43CM06R8E25730,2e3296c3b796,edge_pipeline_vehicle_search_2026-06-09.csv,2026-06-10T16:54:50.344002+00:00,GREEN,LOW,EXCELLENT,UNKNOWN,3MW,2026-06-10,2,0,0,0,0,0,1
35,1331595,2024,BMW,2-Series,228i xDrive,GRAY,30958,1,3.6,Green,NAAA SILVER CERTIFIED,WBA73AK05R7R12262,2e3296c3b796,edge_pipeline_vehicle_search_2026-06-09.csv,2026-06-10T16:54:50.344002+00:00,GREEN,MEDIUM,GOOD,AWD,WBA,2026-06-10,2,0,0,0,0,0,0
36,79104,2022,BMW,2-Series,228i,WHITE,67730,1,4.0,Green,,WBA53AK0XN7K04669,2e3296c3b796,edge_pipeline_vehicle_search_2026-06-09.csv,2026-06-10T16:54:50.344002+00:00,GREEN,MEDIUM,GOOD,UNKNOWN,WBA,2026-06-10,4,0,0,0,0,0,0
15,254406,2021,BMW,2-Series,228i,GRAY,41866,0,,Red,,WBA53AK02M7J27200,2e3296c3b796,edge_pipeline_vehicle_search_2026-06-09.csv,2026-06-10T16:54:50.344002+00:00,RED,MEDIUM,,UNKNOWN,WBA,2026-06-10,5,0,0,0,0,0,0
27,146589,2021,BMW,2-Series,228i xDrive,BLUE,52859,1,,,GREEN LIGHT,WBA73AK07M7J11812,2e3296c3b796,edge_pipeline_vehicle_search_2026-06-09.csv,2026-06-10T16:54:50.344002+00:00,UNKNOWN,MEDIUM,,AWD,WBA,2026-06-10,5,0,0,0,0,0,1
16,825509,2021,BMW,2-Series,228i,BLACK,60259,0,,Red,,WBA53AK06M7H78686,2e3296c3b796,edge_pipeline_vehicle_search_2026-06-09.csv,2026-06-10T16:54:50.344002+00:00,RED,MEDIUM,,UNKNOWN,WBA,2026-06-10,5,0,0,0,0,0,0
16,10255527,2020,BMW,2-Series,228i xDrive,BLUE,68468,1,4.0,,,WBA73AK08L7F85320,2e3296c3b796,edge_pipeline_vehicle_search_2026-06-09.csv,2026-06-10T16:54:50.345008+00:00,UNKNOWN,MEDIUM,GOOD,AWD,WBA,2026-06-10,6,0,0,0,0,0,0
26,267852,2019,BMW,2-Series,,BLACK,77477,1,4.0,Red,,WBA2N1C58K7D29028,2e3296c3b796,edge_pipeline_vehicle_search_2026-06-09.csv,2026-06-10T16:54:50.345008+00:00,RED,MEDIUM,GOOD,UNKNOWN,WBA,2026-06-10,7,0,0,0,0,0,0
18,231098,2017,BMW,2-Series,230i,GRAY,53792,1,4.2,Green,,WBA2K9C36HV647348,2e3296c3b796,edge_pipeline_vehicle_search_2026-06-09.csv,2026-06-10T16:54:50.345008+00:00,GREEN,MEDIUM,GOOD,UNKNOWN,WBA,2026-06-10,9,0,0,0,0,0,0
11,1773356,2016,BMW,2-Series,M235i,WHITE,70057,0,,Red,(A)Structural Damage,WBA1J7C55GV360022,2e3296c3b796,edge_pipeline_vehicle_search_2026-06-09.csv,2026-06-10T16:54:50.345008+00:00,RED,MEDIUM,,UNKNOWN,WBA,2026-06-10,10,0,0,1,0,0,0
33,668623,2016,BMW,2-Series,M235i,BLACK,80881,1,3.8,,,WBA1M1C53GV394397,2e3296c3b796,edge_pipeline_vehicle_search_2026-06-09.csv,2026-06-10T16:54:50.345008+00:00,UNKNOWN,MEDIUM,GOOD,UNKNOWN,WBA,2026-06-10,10,0,0,0,0,0,0
23,993605,2016,BMW,2-Series,228i,WHITE,106420,1,4.0,Green,,WBA1K9C52GV321879,2e3296c3b796,edge_pipeline_vehicle_search_2026-06-09.csv,2026-06-10T16:54:50.345008+00:00,GREEN,HIGH,GOOD,UNKNOWN,WBA,2026-06-10,10,0,0,0,0,0,0
41,821619,2015,BMW,2-Series,228i xDrive,WHITE,109039,1,2.2,Red,,WBA1F7C56FVX95504,2e3296c3b796,edge_pipeline_vehicle_search_2026-06-09.csv,2026-06-10T16:54:50.345008+00:00,RED,HIGH,POOR,AWD,WBA,2026-06-10,11,0,0,0,0,0,0
16,566176,2025,BMW,3-Series,330i,GRAY,8827,1,4.3,,,3MW69CW00S8F65217,2e3296c3b796,edge_pipeline_vehicle_search_2026-06-09.csv,2026-06-10T16:54:50.345008+00:00,UNKNOWN,LOW,GOOD,UNKNOWN,3MW,2026-06-10,1,0,0,0,0,0,0
13,316680,2025,BMW,3-Series,330i,BLACK,26148,1,4.9,Green,,3MW69CW0XS8F09415,2e3296c3b796,edge_pipeline_vehicle_search_2026-06-09.csv,2026-06-10T16:54:50.345008+00:00,GREEN,LOW,EXCELLENT,UNKNOWN,3MW,2026-06-10,1,0,0,0,0,0,0
17,730419,2024,BMW,3-Series,330i,WHITE,5058,1,4.8,Red,,3MW69FF07R8E59732,2e3296c3b796,edge_pipeline_vehicle_search_2026-06-09.csv,2026-06-10T16:54:50.345008+00:00,RED,LOW,EXCELLENT,UNKNOWN,3MW,2026-06-10,2,0,0,0,0,0,0
7,5264578,2023,BMW,3-Series,330i,WHITE,39425,0,,Green,,3MW69FF08P8D07536,2e3296c3b796,edge_pipeline_vehicle_search_2026-06-09.csv,2026-06-10T16:54:50.345008+00:00,GREEN,MEDIUM,,UNKNOWN,3MW,2026-06-10,3,0,0,0,0,0,0
28,148418,2023,BMW,3-Series,330i xDrive,WHITE,42818,1,2.4,,,3MW89FF00P8D45996,2e3296c3b796,edge_pipeline_vehicle_search_2026-06-09.csv,2026-06-10T16:54:50.345008+00:00,UNKNOWN,MEDIUM,POOR,AWD,3MW,2026-06-10,3,0,0,0,0,0,0
27,993685,2023,BMW,3-Series,330i,GRAY,47919,1,4.3,Green,,3MW69FF04P8D32045,2e3296c3b796,edge_pipeline_vehicle_search_2026-06-09.csv,2026-06-10T16:54:50.345008+00:00,GREEN,MEDIUM,GOOD,UNKNOWN,3MW,2026-06-10,3,0,0,0,0,0,0
18,277701,2022,BMW,3-Series,330i xDrive,BLACK,1,0,,,,3MW5R7J03N8C27115,2e3296c3b796,edge_pipeline_vehicle_search_2026-06-09.csv,2026-06-10T16:54:50.345008+00:00,UNKNOWN,ANOMALY,,AWD,3MW,2026-06-10,4,0,0,0,0,0,0
27,333274,2022,BMW,3-Series,330i xDrive,BLACK,58970,1,4.5,Green,"LOW MILES,ROOF,ALLOYS",3MW5R7J05N8C63100,2e3296c3b796,edge_pipeline_vehicle_search_2026-06-09.csv,2026-06-10T16:54:50.345008+00:00,GREEN,MEDIUM,EXCELLENT,AWD,3MW,2026-06-10,4,0,0,0,0,0,0
0,566325,2022,BMW,3-Series,330i,BLACK,61758,0,,,,3MW5R1J06N8C31186,2e3296c3b796,edge_pipeline_vehicle_search_2026-06-09.csv,2026-06-10T16:54:50.345008+00:00,UNKNOWN,MEDIUM,,UNKNOWN,3MW,2026-06-10,4,0,0,0,0,0,0
12,1487390,2021,BMW,3-Series,330i xDrive,ORANGE,35088,0,,,AS IS,3MW5R7J00M8C08830,2e3296c3b796,edge_pipeline_vehicle_search_2026-06-09.csv,2026-06-10T16:54:50.345008+00:00,UNKNOWN,MEDIUM,,AWD,3MW,2026-06-10,5,1,0,0,0,0,0
28,1179434,2021,BMW,3-Series,330i xDrive,RED,76676,1,4.3,Green,(A)AIR BAGS DEPLOYED; GREEN LIGHT,3MW5R7J0XM8B84956,2e3296c3b796,edge_pipeline_vehicle_search_2026-06-09.csv,2026-06-10T16:54:50.345008+00:00,GREEN,MEDIUM,GOOD,AWD,3MW,2026-06-10,5,0,0,0,0,0,1
22,427667,2020,BMW,3-Series,330i xDrive,GRAY,76543,1,2.4,Red,RED LIGHT,3MW5R7J04L8B37761,2e3296c3b796,edge_pipeline_vehicle_search_2026-06-09.csv,2026-06-10T16:54:50.345008+00:00,RED,MEDIUM,POOR,AWD,3MW,2026-06-10,6,0,0,0,0,0,0
1,112963952,2020,BMW,3-Series,M340xi 4D Sedan,BLUE,80190,0,,,,WBA5U9C09LA380347,2e3296c3b796,edge_pipeline_vehicle_search_2026-06-09.csv,2026-06-10T16:54:50.345008+00:00,UNKNOWN,MEDIUM,,AWD,WBA,2026-06-10,6,0,0,0,0,0,0
23,369828,2020,BMW,3-Series,330i,GRAY,82475,1,3.0,Red,AS IS,3MW5R1J00L8B09128,2e3296c3b796,edge_pipeline_vehicle_search_2026-06-09.csv,2026-06-10T16:54:50.345008+00:00,RED,MEDIUM,FAIR,UNKNOWN,3MW,2026-06-10,6,1,0,0,0,0,0
19,1290557,2020,BMW,3-Series,330i,BLUE,91327,0,,Green,,3MW5R1J02L8B19837,2e3296c3b796,edge_pipeline_vehicle_search_2026-06-09.csv,2026-06-10T16:54:50.345008+00:00,GREEN,MEDIUM,,UNKNOWN,3MW,2026-06-10,6,0,0,0,0,0,0
22,563308,2020,BMW,3-Series,330i xDrive,BLACK,94387,1,4.0,Red,INOP; AS-IS,3MW5R7J0XL8B21337,2e3296c3b796,edge_pipeline_vehicle_search_2026-06-09.csv,2026-06-10T16:54:50.345008+00:00,RED,MEDIUM,GOOD,AWD,3MW,2026-06-10,6,1,1,0,0,0,0
54,208191,2020,BMW,3-Series,330i,RED,110109,1,3.6,,,WBA5R1C09LFH85603,2e3296c3b796,edge_pipeline_vehicle_search_2026-06-09.csv,2026-06-10T16:54:50.345008+00:00,UNKNOWN,HIGH,GOOD,UNKNOWN,WBA,2026-06-10,6,0,0,0,0,0,0
40,333130,2020,BMW,3-Series,330i,BLACK,118748,1,2.4,,,3MW5R1J05L8B21422,2e3296c3b796,edge_pipeline_vehicle_search_2026-06-09.csv,2026-06-10T16:54:50.345008+00:00,UNKNOWN,HIGH,POOR,UNKNOWN,3MW,2026-06-10,6,0,0,0,0,0,0
21,267705,2019,BMW,3-Series,,GRAY,51216,0,,Red,,3MW5R1J52K8A04214,2e3296c3b796,edge_pipeline_vehicle_search_2026-06-09.csv,2026-06-10T16:54:50.345008+00:00,RED,MEDIUM,,UNKNOWN,3MW,2026-06-10,7,0,0,0,0,0,0
19,19814,2019,BMW,3-Series,330i,BLACK,68853,1,,,,3MW5R1J53K8B01891,2e3296c3b796,edge_pipeline_vehicle_search_2026-06-09.csv,2026-06-10T16:54:50.345008+00:00,UNKNOWN,MEDIUM,,UNKNOWN,3MW,2026-06-10,7,0,0,0,0,0,0
29,1526941,2019,BMW,3-Series,330i xDrive,WHITE,69713,1,4.4,Green,NAAA Silver Certified,WBA5R7C56KAJ81529,2e3296c3b796,edge_pipeline_vehicle_search_2026-06-09.csv,2026-06-10T16:54:50.345008+00:00,GREEN,MEDIUM,GOOD,AWD,WBA,2026-06-10,7,0,0,0,0,0,0
27,388972,2019,BMW,3-Series,330i,GRAY,74932,1,1.6,Red,,WBA5R1C56KAJ99106,2e3296c3b796,edge_pipeline_vehicle_search_2026-06-09.csv,2026-06-10T16:54:50.345008+00:00,RED,MEDIUM,POOR,UNKNOWN,WBA,2026-06-10,7,0,0,0,0,0,0
23,254130,2019,BMW,3-Series,330i,ORANGE,84914,1,4.6,Green,,WBA5R1C57KAK07357,2e3296c3b796,edge_pipeline_vehicle_search_2026-06-09.csv,2026-06-10T16:54:50.345008+00:00,GREEN,MEDIUM,EXCELLENT,UNKNOWN,WBA,2026-06-10,7,0,0,0,0,0,0
16,149380,2019,BMW,3-Series,330i xDrive,SILVER,104406,0,,,(A)STRUCTURAL OR FRAME REPAIR PERFORMED,WBA5R7C57KAJ82320,2e3296c3b796,edge_pipeline_vehicle_search_2026-06-09.csv,2026-06-10T16:54:50.345008+00:00,UNKNOWN,HIGH,,AWD,WBA,2026-06-10,7,0,0,1,0,0,0
4,1434440,2018,BMW,3-Series,I,GRAY,58121,0,,,,WBA8B9G58JNU98680,2e3296c3b796,edge_pipeline_vehicle_search_2026-06-09.csv,2026-06-10T16:54:50.345008+00:00,UNKNOWN,MEDIUM,,UNKNOWN,WBA,2026-06-10,8,0,0,0,0,0,0
19,78699,2018,BMW,3-Series,320i,GRAY,76262,1,4.0,Red,,WBA8E1G51JNU89697,2e3296c3b796,edge_pipeline_vehicle_search_2026-06-09.csv,2026-06-10T16:54:50.345008+00:00,RED,MEDIUM,GOOD,UNKNOWN,WBA,2026-06-10,8,0,0,0,0,0,0
25,71259,2018,BMW,3-Series,330i,WHITE,79253,1,1.4,Red,AS IS; INOP/NDS ENGINE; ENGINE STARTS/TRANS ENGAGES,WBA8B9G57JNU97715,2e3296c3b796,edge_pipeline_vehicle_search_2026-06-09.csv,2026-06-10T16:54:50.345008+00:00,RED,MEDIUM,POOR,UNKNOWN,WBA,2026-06-10,8,1,1,0,0,0,0
28,223098,2018,BMW,3-Series,,BLACK,85665,1,4.3,Green,,WBA8B9C58JEE81127,2e3296c3b796,edge_pipeline_vehicle_search_2026-06-09.csv,2026-06-10T16:54:50.345008+00:00,GREEN,MEDIUM,GOOD,UNKNOWN,WBA,2026-06-10,8,0,0,0,0,0,0
37,134142,2018,BMW,3-Series,340i xDrive,ORANGE,91612,1,3.9,White,NO CATS,WBA8B7C5XJA583246,2e3296c3b796,edge_pipeline_vehicle_search_2026-06-09.csv,2026-06-10T16:54:50.345008+00:00,WHITE,MEDIUM,GOOD,AWD,WBA,2026-06-10,8,0,0,0,0,0,0
19,208231,2018,BMW,3-Series,320i,BEIGE,103921,0,,Red,AS IS TO INC FRAME,WBA8E1G56JNU92708,2e3296c3b796,edge_pipeline_vehicle_search_2026-06-09.csv,2026-06-10T16:54:50.345008+00:00,RED,HIGH,,UNKNOWN,WBA,2026-06-10,8,1,0,0,0,0,0
24,1178372,2018,BMW,3-Series,330i xDrive,BLACK,110361,1,3.5,Red,AS IS,WBA8D9C52JA608565,2e3296c3b796,edge_pipeline_vehicle_search_2026-06-09.csv,2026-06-10T16:54:50.345008+00:00,RED,HIGH,GOOD,AWD,WBA,2026-06-10,8,1,0,0,0,0,0
18,277598,2018,BMW,3-Series,330i xDrive,SILVER,122259,0,,Green,GREEN LIGHT,WBA8D9G56JNU71035,2e3296c3b796,edge_pipeline_vehicle_search_2026-06-09.csv,2026-06-10T16:54:50.345008+00:00,GREEN,HIGH,,AWD,WBA,2026-06-10,8,0,0,0,0,0,1
11,3479640,2018,BMW,3-Series,,BLUE,132934,0,,Red,AS IS ALL INCLUSIVE TITLE HERE,WBA8E5G51JNU45836,2e3296c3b796,edge_pipeline_vehicle_search_2026-06-09.csv,2026-06-10T16:54:50.345008+00:00,RED,HIGH,,UNKNOWN,WBA,2026-06-10,8,1,0,0,0,0,0
34,1526277,2018,BMW,3-Series,330i xDrive,BLACK,142190,1,3.7,Green,EXETER SELECT,WBA8D9C56JEM31916,2e3296c3b796,edge_pipeline_vehicle_search_2026-06-09.csv,2026-06-10T16:54:50.345008+00:00,GREEN,HIGH,GOOD,AWD,WBA,2026-06-10,8,0,0,0,0,0,0
18,943738,2018,BMW,3-Series,XI,SILVER,142952,0,,,"TITLE FRIDAY; GREENLIGHT; OVER 100,000",WBA8K3C55JA369838,2e3296c3b796,edge_pipeline_vehicle_search_2026-06-09.csv,2026-06-10T16:54:50.345008+00:00,UNKNOWN,HIGH,,AWD,WBA,2026-06-10,8,0,0,0,0,0,1
16,825379,2018,BMW,3-Series,320i,WHITE,156096,0,,Red,,WBA8E1G54JNU89614,2e3296c3b796,edge_pipeline_vehicle_search_2026-06-09.csv,2026-06-10T16:54:50.345008+00:00,RED,HIGH,,UNKNOWN,WBA,2026-06-10,8,0,0,0,0,0,0
30,4285788,2017,BMW,3-Series,330e iPerformance,SILVER,54010,1,0.5,Red,AS IS; INOP,WBA8E1C50HK480443,2e3296c3b796,edge_pipeline_vehicle_search_2026-06-09.csv,2026-06-10T16:54:50.345008+00:00,RED,MEDIUM,POOR,UNKNOWN,WBA,2026-06-10,9,1,1,0,0,0,0
26,1004923,2017,BMW,3-Series,330i,BLACK,74885,1,4.5,Green,GREEN LIGHT DRIVE; CAUTION ENGINE,WBA8B9G32HNU53551,2e3296c3b796,edge_pipeline_vehicle_search_2026-06-09.csv,2026-06-10T16:54:50.345008+00:00,GREEN,MEDIUM,EXCELLENT,UNKNOWN,WBA,2026-06-10,9,0,0,0,0,0,1
14,1003180,2017,BMW,3-Series,330i,BLACK,85331,1,3.8,Red,,WBA8B9C35HK886224,2e3296c3b796,edge_pipeline_vehicle_search_2026-06-09.csv,2026-06-10T16:54:50.345008+00:00,RED,MEDIUM,GOOD,UNKNOWN,WBA,2026-06-10,9,0,0,0,0,0,0
17,428243,2017,BMW,3-Series,330i,BLACK,94792,0,,Green,,WBA8B9C32HK886293,2e3296c3b796,edge_pipeline_vehicle_search_2026-06-09.csv,2026-06-10T16:54:50.345008+00:00,GREEN,MEDIUM,,UNKNOWN,WBA,2026-06-10,9,0,0,0,0,0,0
31,229085,2017,BMW,3-Series,330e iPerformance,BLACK,101028,1,2.9,Red,,WBA8E1C32HA159332,2e3296c3b796,edge_pipeline_vehicle_search_2026-06-09.csv,2026-06-10T16:54:50.345008+00:00,RED,HIGH,FAIR,UNKNOWN,WBA,2026-06-10,9,0,0,0,0,0,0
33,1232888,2017,BMW,3-Series,330e iPerformance,RED,101183,1,3.6,,,WBA8E1C3XHA029833,2e3296c3b796,edge_pipeline_vehicle_search_2026-06-09.csv,2026-06-10T16:54:50.345008+00:00,UNKNOWN,HIGH,GOOD,UNKNOWN,WBA,2026-06-10,9,0,0,0,0,0,0
6,79517,2017,BMW,3-Series,330I XDRIVE,BLUE,106809,0,,"White,Yellow",STARTER LOCKED UP,WBA8D9G33HNU63273,2e3296c3b796,edge_pipeline_vehicle_search_2026-06-09.csv,2026-06-10T16:54:50.345008+00:00,WHITE,HIGH,,AWD,WBA,2026-06-10,9,0,0,0,0,0,0
12,354570,2017,BMW,3-Series,330i xDrive,WHITE,108220,0,,Red,,WBA8D9C34HA004413,2e3296c3b796,edge_pipeline_vehicle_search_2026-06-09.csv,2026-06-10T16:54:50.345008+00:00,RED,HIGH,,AWD,WBA,2026-06-10,9,0,0,0,0,0,0
29,1095063,2017,BMW,3-Series,330i xDrive,SILVER,129120,1,3.9,Green,,WBA8D9G31HNU64194,2e3296c3b796,edge_pipeline_vehicle_search_2026-06-09.csv,2026-06-10T16:54:50.345008+00:00,GREEN,HIGH,GOOD,AWD,WBA,2026-06-10,9,0,0,0,0,0,0
18,10255076,2017,BMW,3-Series,320i,GRAY,147116,1,3.6,Red,,WBA8E1G55HNU15368,2e3296c3b796,edge_pipeline_vehicle_search_2026-06-09.csv,2026-06-10T16:54:50.345008+00:00,RED,HIGH,GOOD,UNKNOWN,WBA,2026-06-10,9,0,0,0,0,0,0
24,1235120,2017,BMW,3-Series,320i xDrive,BLACK,206900,1,4.5,Red,,WBA8A3C33HA067119,2e3296c3b796,edge_pipeline_vehicle_search_2026-06-09.csv,2026-06-10T16:54:50.345008+00:00,RED,HIGH,EXCELLENT,AWD,WBA,2026-06-10,9,0,0,0,0,0,0
0,1434300,2016,BMW,3-Series,I,WHITE,0,0,,,,WBA8E1G57GNU10235,2e3296c3b796,edge_pipeline_vehicle_search_2026-06-09.csv,2026-06-10T16:54:50.345008+00:00,UNKNOWN,ANOMALY,,UNKNOWN,WBA,2026-06-10,10,0,0,0,0,0,0
36,1289817,2016,BMW,3-Series,328i,BLACK,80690,1,4.0,,DELAYED TITLE,WBA8E9C50GK647221,2e3296c3b796,edge_pipeline_vehicle_search_2026-06-09.csv,2026-06-10T16:54:50.345008+00:00,UNKNOWN,MEDIUM,GOOD,UNKNOWN,WBA,2026-06-10,10,0,0,0,0,0,0
23,1632810,2016,BMW,3-Series,328i,BLUE,84770,1,3.0,Red,FUL VINYL WRAP; AS IS,WBA8E9C5XGK648263,2e3296c3b796,edge_pipeline_vehicle_search_2026-06-09.csv,2026-06-10T16:54:50.345008+00:00,RED,MEDIUM,FAIR,UNKNOWN,WBA,2026-06-10,10,1,0,0,0,0,0
9,16073,2016,BMW,3-Series,320I XDRIVE,BLACK,84929,0,,,"INSURANCE LOSS,TOTAL LOSS,VEHICLE LOSS,SALVAGE,TITLED / REGISTERED TO INSURANCE COMPANY,REBUILT/REBUILDABLE",WBA8E5G52GNU22039,2e3296c3b796,edge_pipeline_vehicle_search_2026-06-09.csv,2026-06-10T16:54:50.345008+00:00,UNKNOWN,MEDIUM,,AWD,WBA,2026-06-10,10,0,0,0,1,0,0
4,1434439,2016,BMW,3-Series,I,BLACK,90765,0,,,,WBA8A9C58GK615936,2e3296c3b796,edge_pipeline_vehicle_search_2026-06-09.csv,2026-06-10T16:54:50.345008+00:00,UNKNOWN,MEDIUM,,UNKNOWN,WBA,2026-06-10,10,0,0,0,0,0,0
24,230948,2016,BMW,3-Series,328i xDrive,BLACK,100405,1,3.7,Red,,WBA8E3G54GNU38652,2e3296c3b796,edge_pipeline_vehicle_search_2026-06-09.csv,2026-06-10T16:54:50.345008+00:00,RED,HIGH,GOOD,AWD,WBA,2026-06-10,10,0,0,0,0,0,0
19,1113838,2016,BMW,3-Series,320i xDrive,BLACK,103423,0,,Yellow,LIMITED GUARANTEE,WBA8E5G5XGNT40091,2e3296c3b796,edge_pipeline_vehicle_search_2026-06-09.csv,2026-06-10T16:54:50.345008+00:00,YELLOW,HIGH,,AWD,WBA,2026-06-10,10,0,0,0,0,0,0
30,254258,2016,BMW,3-Series,320i,BLUE,109820,1,3.3,Red,,WBA8A9C55GK618874,2e3296c3b796,edge_pipeline_vehicle_search_2026-06-09.csv,2026-06-10T16:54:50.345008+00:00,RED,HIGH,FAIR,UNKNOWN,WBA,2026-06-10,10,0,0,0,0,0,0
18,208382,2016,BMW,3-Series,320i,SILVER,116714,0,,,,WBA8E1G5XGNT34395,2e3296c3b796,edge_pipeline_vehicle_search_2026-06-09.csv,2026-06-10T16:54:50.345008+00:00,UNKNOWN,HIGH,,UNKNOWN,WBA,2026-06-10,10,0,0,0,0,0,0
10,15680,2016,BMW,3-Series,328i,SILVER,123075,0,,Red,,WBA8E9G58GNT84789,2e3296c3b796,edge_pipeline_vehicle_search_2026-06-09.csv,2026-06-10T16:54:50.345008+00:00,RED,HIGH,,UNKNOWN,WBA,2026-06-10,10,0,0,0,0,0,0
13,10255790,2016,BMW,3-Series,320i,WHITE,131758,1,3.6,Red,"(A)Structural Damage; As Is, No Arb",WBA8E1G55GNT99526,2e3296c3b796,edge_pipeline_vehicle_search_2026-06-09.csv,2026-06-10T16:54:50.345008+00:00,RED,HIGH,GOOD,UNKNOWN,WBA,2026-06-10,10,1,0,1,0,0,0
25,1004288,2016,BMW,3-Series,340i,WHITE,138120,1,4.0,Red,,WBA8B3G52GNT62468,2e3296c3b796,edge_pipeline_vehicle_search_2026-06-09.csv,2026-06-10T16:54:50.345008+00:00,RED,HIGH,GOOD,UNKNOWN,WBA,2026-06-10,10,0,0,0,0,0,0
35,253658,2016,BMW,3-Series,320i,BLACK,141375,1,,Red,,WBA8E1G56GNT33759,2e3296c3b796,edge_pipeline_vehicle_search_2026-06-09.csv,2026-06-10T16:54:50.345008+00:00,RED,HIGH,,UNKNOWN,WBA,2026-06-10,10,0,0,0,0,0,0
0,149423,2016,BMW,3-Series,328i xDrive,GRAY,142187,0,,,,WBA8E3G52GNT76880,2e3296c3b796,edge_pipeline_vehicle_search_2026-06-09.csv,2026-06-10T16:54:50.345008+00:00,UNKNOWN,HIGH,,AWD,WBA,2026-06-10,10,0,0,0,0,0,0
28,1174159,2016,BMW,3-Series,328i,GRAY,152006,1,3.4,,AUCTION ANNOUNCED AS STRUCTURAL DAMAGE REPAIRED,WBA8E9C50GK643685,2e3296c3b796,edge_pipeline_vehicle_search_2026-06-09.csv,2026-06-10T16:54:50.345008+00:00,UNKNOWN,HIGH,FAIR,UNKNOWN,WBA,2026-06-10,10,0,0,1,0,0,0
25,1773211,2016,BMW,3-Series,328i,BLUE,158538,1,3.1,Red,THIRD PARTY SELLER; TMU/NOT ACTUAL MILES,WBA8E9C56GK644291,2e3296c3b796,edge_pipeline_vehicle_search_2026-06-09.csv,2026-06-10T16:54:50.345008+00:00,RED,HIGH,FAIR,UNKNOWN,WBA,2026-06-10,10,0,0,0,0,0,0
42,698812,2016,BMW,3-Series,328i,SILVER,200010,1,0.9,Red,airbag light is on; structural damage,WBA8E9G53GNT83677,2e3296c3b796,edge_pipeline_vehicle_search_2026-06-09.csv,2026-06-10T16:54:50.345008+00:00,RED,HIGH,POOR,UNKNOWN,WBA,2026-06-10,10,0,0,1,0,0,0
33,4303091,2015,BMW,3-Series,328i xDrive,GRAY,57192,1,4.0,Red,AS IS,WBA3B5C56FF960941,2e3296c3b796,edge_pipeline_vehicle_search_2026-06-09.csv,2026-06-10T16:54:50.345008+00:00,RED,MEDIUM,GOOD,AWD,WBA,2026-06-10,11,1,0,0,0,0,0
27,231153,2015,BMW,3-Series,320i xDrive,GRAY,75973,1,3.2,Red,(A)Canadian Renewal,WBA3C3G50FNT52866,2e3296c3b796,edge_pipeline_vehicle_search_2026-06-09.csv,2026-06-10T16:54:50.345008+00:00,RED,MEDIUM,FAIR,AWD,WBA,2026-06-10,11,0,0,0,0,0,0
23,953615,2015,BMW,3-Series,328i,SILVER,98500,1,2.5,Red,AS IS,WBA3A5G53FNS91496,2e3296c3b796,edge_pipeline_vehicle_search_2026-06-09.csv,2026-06-10T16:54:50.345008+00:00,RED,MEDIUM,FAIR,UNKNOWN,WBA,2026-06-10,11,1,0,0,0,0,0
22,957634,2015,BMW,3-Series,320i,WHITE,101625,1,0.0,Red,INOP/MOTOR,WBA3B1C53FP681420,2e3296c3b796,edge_pipeline_vehicle_search_2026-06-09.csv,2026-06-10T16:54:50.345008+00:00,RED,HIGH,POOR,UNKNOWN,WBA,2026-06-10,11,0,1,0,0,0,0
9,10255328,2015,BMW,3-Series,320i,BLACK,114095,0,,Red,,WBA3B1G51FNT02713,2e3296c3b796,edge_pipeline_vehicle_search_2026-06-09.csv,2026-06-10T16:54:50.345008+00:00,RED,HIGH,,UNKNOWN,WBA,2026-06-10,11,0,0,0,0,0,0
19,364385,2015,BMW,3-Series,328xi,GOLD,121388,0,,,,WBA3B5C50FP653226,2e3296c3b796,edge_pipeline_vehicle_search_2026-06-09.csv,2026-06-10T16:54:50.345008+00:00,UNKNOWN,HIGH,,AWD,WBA,2026-06-10,11,0,0,0,0,0,0
25,332604,2015,BMW,3-Series,328i,WHITE,123362,1,4.1,Green,,WBA3A5G57FNS83305,2e3296c3b796,edge_pipeline_vehicle_search_2026-06-09.csv,2026-06-10T16:54:50.345008+00:00,GREEN,HIGH,GOOD,UNKNOWN,WBA,2026-06-10,11,0,0,0,0,0,0
38,987201,2015,BMW,3-Series,335i xDrive,SILVER,124054,1,2.6,Red,AS-IS; REPO 3RD PARTY SELLER,WBA3B9C53FF589454,2e3296c3b796,edge_pipeline_vehicle_search_2026-06-09.csv,2026-06-10T16:54:50.345008+00:00,RED,HIGH,FAIR,AWD,WBA,2026-06-10,11,1,0,0,0,1,0
39,2896856,2015,BMW,3-Series,320i,BLACK,131860,1,2.7,,AS IS; OVERHEATING,WBA3B1C57FK138679,2e3296c3b796,edge_pipeline_vehicle_search_2026-06-09.csv,2026-06-10T16:54:50.345008+00:00,UNKNOWN,HIGH,FAIR,UNKNOWN,WBA,2026-06-10,11,1,0,0,0,0,0
24,1030372,2015,BMW,3-Series,320i,WHITE,136417,1,3.8,Red,,WBA3B1C57FK140562,2e3296c3b796,edge_pipeline_vehicle_search_2026-06-09.csv,2026-06-10T16:54:50.345008+00:00,RED,HIGH,GOOD,UNKNOWN,WBA,2026-06-10,11,0,0,0,0,0,0
19,30863,2015,BMW,3-Series,320i,BLACK,138814,0,,Red,,WBA3B1G59FNT64537,2e3296c3b796,edge_pipeline_vehicle_search_2026-06-09.csv,2026-06-10T16:54:50.345008+00:00,RED,HIGH,,UNKNOWN,WBA,2026-06-10,11,0,0,0,0,0,0
4,1434441,2015,BMW,3-Series,I,BLACK,147756,0,,,,WBA3B1G54FNT02009,2e3296c3b796,edge_pipeline_vehicle_search_2026-06-09.csv,2026-06-10T16:54:50.345008+00:00,UNKNOWN,HIGH,,UNKNOWN,WBA,2026-06-10,11,0,0,0,0,0,0
58,2020405,2015,BMW,3-Series,320i,BLACK,149855,1,3.0,,AS IS NO ARB; MILES OVER   **; DMV EXP 10/08/2025; DMV FEES DUE $ 399 FEES POSTED 101.00,WBA3B1G59FNT07111,2e3296c3b796,edge_pipeline_vehicle_search_2026-06-09.csv,2026-06-10T16:54:50.345008+00:00,UNKNOWN,HIGH,FAIR,UNKNOWN,WBA,2026-06-10,11,1,0,0,0,0,0
20,111115,2015,BMW,3-Series,320I XDRIVE,WHITE,150615,0,,,,WBA3C3C59FK202830,2e3296c3b796,edge_pipeline_vehicle_search_2026-06-09.csv,2026-06-10T16:54:50.345008+00:00,UNKNOWN,HIGH,,AWD,WBA,2026-06-10,11,0,0,0,0,0,0
20,1196912,2015,BMW,3-Series,328i,WHITE,179469,1,2.1,,INOP AS-IS NO ARB,WBA3A5C53FF609391,2e3296c3b796,edge_pipeline_vehicle_search_2026-06-09.csv,2026-06-10T16:54:50.345008+00:00,UNKNOWN,HIGH,POOR,UNKNOWN,WBA,2026-06-10,11,1,1,0,0,0,0
33,1234451,2014,BMW,3-Series,320i,BLACK,1,1,2.7,Red,,WBA3B1G52ENS80509,2e3296c3b796,edge_pipeline_vehicle_search_2026-06-09.csv,2026-06-10T16:54:50.345008+00:00,RED,ANOMALY,FAIR,UNKNOWN,WBA,2026-06-10,12,0,0,0,0,0,0
36,1634866,2014,BMW,3-Series,328i xDrive,BLACK,93842,1,2.5,Red,(A) STRUCTURAL DAMAGE,WBA3B5G57ENS10852,2e3296c3b796,edge_pipeline_vehicle_search_2026-06-09.csv,2026-06-10T16:54:50.345008+00:00,RED,MEDIUM,FAIR,AWD,WBA,2026-06-10,12,0,0,1,0,0,0
47,589566,2014,BMW,3-Series,320i,RED,98656,1,2.3,Red,AS IS,WBA3B1C55EK131129,2e3296c3b796,edge_pipeline_vehicle_search_2026-06-09.csv,2026-06-10T16:54:50.345008+00:00,RED,MEDIUM,POOR,UNKNOWN,WBA,2026-06-10,12,1,0,0,0,0,0
34,1634770,2014,BMW,3-Series,328i,WHITE,105524,1,2.8,Red,,WBA3C1C59EK110071,2e3296c3b796,edge_pipeline_vehicle_search_2026-06-09.csv,2026-06-10T16:54:50.345008+00:00,RED,HIGH,FAIR,UNKNOWN,WBA,2026-06-10,12,0,0,0,0,0,0
27,290582,2014,BMW,3-Series,320i xDrive,BLACK,111814,1,2.8,Red,COMPANY POLICY AS IS; LATE TITLE,WBA3C3G55ENS68475,2e3296c3b796,edge_pipeline_vehicle_search_2026-06-09.csv,2026-06-10T16:54:50.345008+00:00,RED,HIGH,FAIR,AWD,WBA,2026-06-10,12,1,0,0,0,0,0
37,1527752,2014,BMW,3-Series,328i xDrive,BLACK,112081,1,1.8,Red,,WBA3B5C52EP542319,2e3296c3b796,edge_pipeline_vehicle_search_2026-06-09.csv,2026-06-10T16:54:50.345008+00:00,RED,HIGH,POOR,AWD,WBA,2026-06-10,12,0,0,0,0,0,0
38,33586,2014,BMW,3-Series,328i,WHITE,116012,1,4.5,Green,,WBA3A5G57ENP29371,2e3296c3b796,edge_pipeline_vehicle_search_2026-06-09.csv,2026-06-10T16:54:50.345008+00:00,GREEN,HIGH,EXCELLENT,UNKNOWN,WBA,2026-06-10,12,0,0,0,0,0,0
24,291496,2014,BMW,3-Series,328i xDrive,SILVER,116685,1,4.3,Green,RIDE AND DRIVE,WBA3B5C54EF959351,2e3296c3b796,edge_pipeline_vehicle_search_2026-06-09.csv,2026-06-10T16:54:50.345008+00:00,GREEN,HIGH,GOOD,AWD,WBA,2026-06-10,12,0,0,0,0,0,0
26,988978,2014,BMW,3-Series,320i xDrive,BLUE,117683,1,3.2,Red,FLEET/LEASE; Airbags as is; Canadian; BRANDED TITLE/TOTAL RECONSTRUCTED,WBA3C3G55ENS69013,2e3296c3b796,edge_pipeline_vehicle_search_2026-06-09.csv,2026-06-10T16:54:50.345008+00:00,RED,HIGH,FAIR,AWD,WBA,2026-06-10,12,1,0,0,0,0,0
28,1634549,2014,BMW,3-Series,335i,GRAY,136265,1,2.1,Red,,WBA3A9G50ENS65640,2e3296c3b796,edge_pipeline_vehicle_search_2026-06-09.csv,2026-06-10T16:54:50.345008+00:00,RED,HIGH,POOR,UNKNOWN,WBA,2026-06-10,12,0,0,0,0,0,0
15,1176629,2014,BMW,3-Series,328i,BLACK,137039,0,,Red,AS IS,WBA3A5C54EJ463174,2e3296c3b796,edge_pipeline_vehicle_search_2026-06-09.csv,2026-06-10T16:54:50.345008+00:00,RED,HIGH,,UNKNOWN,WBA,2026-06-10,12,1,0,0,0,0,0
17,4302935,2014,BMW,3-Series,328d xDrive,BLACK,147096,0,,Red,AS IS,WBA3K5C56EKT33467,2e3296c3b796,edge_pipeline_vehicle_search_2026-06-09.csv,2026-06-10T16:54:50.345008+00:00,RED,HIGH,,AWD,WBA,2026-06-10,12,1,0,0,0,0,0
28,1174380,2014,BMW,3-Series,320i xDrive,BLACK,161280,1,3.2,,,WBA3C3C56EF984110,2e3296c3b796,edge_pipeline_vehicle_search_2026-06-09.csv,2026-06-10T16:54:50.345008+00:00,UNKNOWN,HIGH,FAIR,AWD,WBA,2026-06-10,12,0,0,0,0,0,0
50,1929,2014,BMW,3-Series,328i,BLACK,178788,1,2.5,,,WBA3A5G56ENP31662,2e3296c3b796,edge_pipeline_vehicle_search_2026-06-09.csv,2026-06-10T16:54:50.345008+00:00,UNKNOWN,HIGH,FAIR,UNKNOWN,WBA,2026-06-10,12,0,0,0,0,0,0
0,552209,2014,BMW,3-Series,328i,RED,181573,0,,Red,,WBA3A5G5XENP30451,2e3296c3b796,edge_pipeline_vehicle_search_2026-06-09.csv,2026-06-10T16:54:50.345008+00:00,RED,HIGH,,UNKNOWN,WBA,2026-06-10,12,0,0,0,0,0,0
18,277683,2013,BMW,3-Series,328i,BLACK,58188,0,,,,WBA3A5G52DNP26036,2e3296c3b796,edge_pipeline_vehicle_search_2026-06-09.csv,2026-06-10T16:54:50.345008+00:00,UNKNOWN,MEDIUM,,UNKNOWN,WBA,2026-06-10,13,0,0,0,0,0,0
11,552973,2013,BMW,3-Series,328i,SILVER,67474,1,,,,WBA3C1G52DNR48031,2e3296c3b796,edge_pipeline_vehicle_search_2026-06-09.csv,2026-06-10T16:54:50.345008+00:00,UNKNOWN,MEDIUM,,UNKNOWN,WBA,2026-06-10,13,0,0,0,0,0,0
19,1290427,2013,BMW,3-Series,328i,BLACK,94589,1,2.8,Red,,WBA3A5G56DNP18943,2e3296c3b796,edge_pipeline_vehicle_search_2026-06-09.csv,2026-06-10T16:54:50.345008+00:00,RED,MEDIUM,FAIR,UNKNOWN,WBA,2026-06-10,13,0,0,0,0,0,0
15,799889,2013,BMW,3-Series,328i xDrive,WHITE,102226,1,0.9,Red,RED LIGHT,WBA3B5C59DF595359,2e3296c3b796,edge_pipeline_vehicle_search_2026-06-09.csv,2026-06-10T16:54:50.345008+00:00,RED,HIGH,POOR,AWD,WBA,2026-06-10,13,0,0,0,0,0,0
20,89838,2013,BMW,3-Series,328I XDRIVE,GRAY,104020,1,,"Red,Blue",,WBA3B3C54DF533629,2e3296c3b796,edge_pipeline_vehicle_search_2026-06-09.csv,2026-06-10T16:54:50.345008+00:00,RED,HIGH,,AWD,WBA,2026-06-10,13,0,0,0,0,0,0
19,33613,2013,BMW,3-Series,328I XDRIVE,BLACK,105415,0,,,,WBA3B3C57DF538985,2e3296c3b796,edge_pipeline_vehicle_search_2026-06-09.csv,2026-06-10T16:54:50.345008+00:00,UNKNOWN,HIGH,,AWD,WBA,2026-06-10,13,0,0,0,0,0,0
13,919749,2013,BMW,3-Series,328i xDrive,BLACK,105669,0,,Red,AS IS; TA,WBA3B5C59DF590288,2e3296c3b796,edge_pipeline_vehicle_search_2026-06-09.csv,2026-06-10T16:54:50.345008+00:00,RED,HIGH,,AWD,WBA,2026-06-10,13,1,0,0,0,0,0
14,1486864,2013,BMW,3-Series,328i xDrive,GRAY,105743,0,,Red,(C)OPEN RECALL; AS IS; PUSHER,WBA3B5G58DNP40424,2e3296c3b796,edge_pipeline_vehicle_search_2026-06-09.csv,2026-06-10T16:54:50.345008+00:00,RED,HIGH,,AWD,WBA,2026-06-10,13,1,0,0,0,0,0
27,942316,2013,BMW,3-Series,XI SULEV,BLACK,112758,1,2.0,,(A)Structural Damage; STRUCTURAL,WBA3B5C59DF592896,2e3296c3b796,edge_pipeline_vehicle_search_2026-06-09.csv,2026-06-10T16:54:50.345008+00:00,UNKNOWN,HIGH,POOR,AWD,WBA,2026-06-10,13,0,0,1,0,0,0
11,1774758,2013,BMW,3-Series,328i xDrive,BLUE,114202,1,,Red,THIRD PARTY SELLER,WBA3B5G56DNS02451,2e3296c3b796,edge_pipeline_vehicle_search_2026-06-09.csv,2026-06-10T16:54:50.345008+00:00,RED,HIGH,,AWD,WBA,2026-06-10,13,0,0,0,0,0,0
15,825278,2013,BMW,3-Series,335i xDrive,BLUE,116133,0,,Red,,WBA3B9C50DF586122,2e3296c3b796,edge_pipeline_vehicle_search_2026-06-09.csv,2026-06-10T16:54:50.345008+00:00,RED,HIGH,,AWD,WBA,2026-06-10,13,0,0,0,0,0,0
29,62538,2013,BMW,3-Series,328I XDRIVE,WHITE,122284,1,2.9,Blue,REPO PAPERS DRIVETRAIN MALFUNCTION LIGHT LOUD EXHAUST CHK ENGINE LIGHT - ASSUME REPAIR $800+,WBA3B3C58DF530927,2e3296c3b796,edge_pipeline_vehicle_search_2026-06-09.csv,2026-06-10T16:54:50.345008+00:00,BLUE,HIGH,FAIR,AWD,WBA,2026-06-10,13,0,0,0,0,1,0
13,1179819,2013,BMW,3-Series,328i xDrive,RED,122991,0,,,,WBA3B5C51DF597865,2e3296c3b796,edge_pipeline_vehicle_search_2026-06-09.csv,2026-06-10T16:54:50.345008+00:00,UNKNOWN,HIGH,,AWD,WBA,2026-06-10,13,0,0,0,0,0,0
11,1773154,2013,BMW,3-Series,328i,RED,128352,0,,Red,,WBADW3C52DE824757,2e3296c3b796,edge_pipeline_vehicle_search_2026-06-09.csv,2026-06-10T16:54:50.345008+00:00,RED,HIGH,,UNKNOWN,WBA,2026-06-10,13,0,0,0,0,0,0
13,553210,2013,BMW,3-Series,328i,BLACK,129239,1,,Red,LEMON BUYBACK,WBA3C1C53DF440554,2e3296c3b796,edge_pipeline_vehicle_search_2026-06-09.csv,2026-06-10T16:54:50.345008+00:00,RED,HIGH,,UNKNOWN,WBA,2026-06-10,13,0,0,0,0,0,0
31,1528419,2013,BMW,3-Series,328i,SILVER,132495,1,1.3,Red,,WBA3A5G58DNP20967,2e3296c3b796,edge_pipeline_vehicle_search_2026-06-09.csv,2026-06-10T16:54:50.345008+00:00,RED,HIGH,POOR,UNKNOWN,WBA,2026-06-10,13,0,0,0,0,0,0
10,81277,2013,BMW,3-Series,328I XDRIVE,BLUE,132791,0,,"Red,Blue",NOT ACTUAL MILES,WBA3B3C56DJ810911,2e3296c3b796,edge_pipeline_vehicle_search_2026-06-09.csv,2026-06-10T16:54:50.345008+00:00,RED,HIGH,,AWD,WBA,2026-06-10,13,0,0,0,0,0,0
38,992929,2013,BMW,3-Series,328i,WHITE,141895,1,3.0,Red,,WBADW3C58DJ525748,2e3296c3b796,edge_pipeline_vehicle_search_2026-06-09.csv,2026-06-10T16:54:50.345008+00:00,RED,HIGH,FAIR,UNKNOWN,WBA,2026-06-10,13,0,0,0,0,0,0
42,549367,2013,BMW,3-Series,328i,GRAY,145001,1,3.5,,AS-IS RED LIGHT,WBA3A5C53DF359440,2e3296c3b796,edge_pipeline_vehicle_search_2026-06-09.csv,2026-06-10T16:54:50.345008+00:00,UNKNOWN,HIGH,GOOD,UNKNOWN,WBA,2026-06-10,13,1,0,0,0,0,0
24,190028,2013,BMW,3-Series,328i,GRAY,147557,0,,,,WBA3C1C53DK104426,2e3296c3b796,edge_pipeline_vehicle_search_2026-06-09.csv,2026-06-10T16:54:50.345008+00:00,UNKNOWN,HIGH,,UNKNOWN,WBA,2026-06-10,13,0,0,0,0,0,0
37,42771,2013,BMW,3-Series,320i,BLACK,204266,1,2.7,,(A)Not Actual Miles,WBA3B1C57DF462740,2e3296c3b796,edge_pipeline_vehicle_search_2026-06-09.csv,2026-06-10T16:54:50.345008+00:00,UNKNOWN,HIGH,FAIR,UNKNOWN,WBA,2026-06-10,13,0,0,0,0,0,0
18,14787,2018,BMW,3-Series Grn Turismo,,BLACK,115467,0,,,,WBA8Z9C56JB220069,2e3296c3b796,edge_pipeline_vehicle_search_2026-06-09.csv,2026-06-10T16:54:50.345008+00:00,UNKNOWN,HIGH,,UNKNOWN,WBA,2026-06-10,8,0,0,0,0,0,0
16,968386,2018,BMW,3-Series Grn Turismo,330i xDrive,GRAY,130456,1,2.5,Red,RL,WBA8Z9C59JG828218,2e3296c3b796,edge_pipeline_vehicle_search_2026-06-09.csv,2026-06-10T16:54:50.345008+00:00,RED,HIGH,FAIR,AWD,WBA,2026-06-10,8,0,0,0,0,0,0
27,42741,2015,BMW,3-Series Grn Turismo,335i xDrive,BLUE,70562,1,3.6,Green,PRE-SALE CERTIFIED; GREEN LIGHT,WBA3X9C5XFD868154,2e3296c3b796,edge_pipeline_vehicle_search_2026-06-09.csv,2026-06-10T16:54:50.345008+00:00,GREEN,MEDIUM,GOOD,AWD,WBA,2026-06-10,11,0,0,0,0,0,1
38,129047,2015,BMW,3-Series Grn Turismo,328i xDrive,BLACK,109739,1,2.9,Red,AS IS,WBA8Z5C58FGS36843,2e3296c3b796,edge_pipeline_vehicle_search_2026-06-09.csv,2026-06-10T16:54:50.345008+00:00,RED,HIGH,FAIR,AWD,WBA,2026-06-10,11,1,0,0,0,0,0
5,78466,2015,BMW,3-Series Grn Turismo,,SILVER,132714,0,,,,WBA8Z5C51FD672385,2e3296c3b796,edge_pipeline_vehicle_search_2026-06-09.csv,2026-06-10T16:54:50.345008+00:00,UNKNOWN,HIGH,,UNKNOWN,WBA,2026-06-10,11,0,0,0,0,0,0
21,267894,2014,BMW,3-Series Grn Turismo,,GRAY,123971,0,,Red,,WBA3X5C55ED242874,2e3296c3b796,edge_pipeline_vehicle_search_2026-06-09.csv,2026-06-10T16:54:50.345008+00:00,RED,HIGH,,UNKNOWN,WBA,2026-06-10,12,0,0,0,0,0,0
7,918280,2014,BMW,3-Series Grn Turismo,328i xDrive,BLACK,170890,0,,,,WBA3X5C51ED558109,2e3296c3b796,edge_pipeline_vehicle_search_2026-06-09.csv,2026-06-10T16:54:50.345008+00:00,UNKNOWN,HIGH,,AWD,WBA,2026-06-10,12,0,0,0,0,0,0
21,228717,2024,BMW,4-Series,430i,GRAY,16441,1,4.4,Green,GREEN LIGHT 7DAY GTY,WBA53AP00RCN14433,2e3296c3b796,edge_pipeline_vehicle_search_2026-06-09.csv,2026-06-10T16:54:50.345008+00:00,GREEN,LOW,GOOD,UNKNOWN,WBA,2026-06-10,2,0,0,0,0,0,1
15,231014,2024,BMW,4-Series,M440i,GRAY,20151,1,4.7,Green,,WBA83AP0XRCR60747,2e3296c3b796,edge_pipeline_vehicle_search_2026-06-09.csv,2026-06-10T16:54:50.345008+00:00,GREEN,LOW,EXCELLENT,UNKNOWN,WBA,2026-06-10,2,0,0,0,0,0,0
22,149242,2023,BMW,4-Series,430i xDrive,GRAY,27207,1,,,,WBA73AP04PCL90799,2e3296c3b796,edge_pipeline_vehicle_search_2026-06-09.csv,2026-06-10T16:54:50.345008+00:00,UNKNOWN,LOW,,AWD,WBA,2026-06-10,3,0,0,0,0,0,0
31,389504,2023,BMW,4-Series,430I,GRAY,40841,1,,Green,,WBA63AV04PFP06912,2e3296c3b796,edge_pipeline_vehicle_search_2026-06-09.csv,2026-06-10T16:54:50.345008+00:00,GREEN,MEDIUM,,UNKNOWN,WBA,2026-06-10,3,0,0,0,0,0,0
20,111076,2019,BMW,4-Series,430I XDRIVE,BLACK,83681,0,,Green,LOADED M-SPORT,WBA4J3C51KBL06328,2e3296c3b796,edge_pipeline_vehicle_search_2026-06-09.csv,2026-06-10T16:54:50.345008+00:00,GREEN,MEDIUM,,AWD,WBA,2026-06-10,7,0,0,0,0,0,0
30,19754,2019,BMW,4-Series,440i xDrive,BLACK,83725,1,,,,WBA4J7C50KBM75909,2e3296c3b796,edge_pipeline_vehicle_search_2026-06-09.csv,2026-06-10T16:54:50.345008+00:00,UNKNOWN,MEDIUM,,AWD,WBA,2026-06-10,7,0,0,0,0,0,0
34,129619640,2019,BMW,4-Series,430xi Grn Coupe 4D Coupe,SILVER,96084,1,2.4,,AS IS,WBA4J3C52KBL10646,2e3296c3b796,edge_pipeline_vehicle_search_2026-06-09.csv,2026-06-10T16:54:50.345008+00:00,UNKNOWN,MEDIUM,POOR,AWD,WBA,2026-06-10,7,1,0,0,0,0,0
14,1003094,2018,BMW,4-Series,430i,BLACK,63988,1,4.5,Red,,WBA4J1C58JBM09927,2e3296c3b796,edge_pipeline_vehicle_search_2026-06-09.csv,2026-06-10T16:54:50.345008+00:00,RED,MEDIUM,EXCELLENT,UNKNOWN,WBA,2026-06-10,8,0,0,0,0,0,0
31,1635046,2018,BMW,4-Series,430i,BLACK,66317,1,2.6,Red,,WBA4J1C59JBM11881,2e3296c3b796,edge_pipeline_vehicle_search_2026-06-09.csv,2026-06-10T16:54:50.345008+00:00,RED,MEDIUM,FAIR,UNKNOWN,WBA,2026-06-10,8,0,0,0,0,0,0
27,730350,2018,BMW,4-Series,430i,WHITE,69229,1,4.1,Red,,WBA4Z1C50JEC70838,2e3296c3b796,edge_pipeline_vehicle_search_2026-06-09.csv,2026-06-10T16:54:50.345008+00:00,RED,MEDIUM,GOOD,UNKNOWN,WBA,2026-06-10,8,0,0,0,0,0,0
35,858061,2018,BMW,4-Series,430i,WHITE,70370,1,2.8,Red,REPORTED AS INSURANCE/TOTAL LOSS (A); MANUFACTURE BUYBACK/LEMON LAW (A); REBUILT TITLE (A),WBA4J1C56JBG81086,2e3296c3b796,edge_pipeline_vehicle_search_2026-06-09.csv,2026-06-10T16:54:50.345008+00:00,RED,MEDIUM,FAIR,UNKNOWN,WBA,2026-06-10,8,0,0,0,1,1,0
35,986930,2018,BMW,4-Series,430i,BLACK,71959,1,2.7,Green,RIDE AND DRIVE,WBA4J1C57JBG75555,2e3296c3b796,edge_pipeline_vehicle_search_2026-06-09.csv,2026-06-10T16:54:50.345008+00:00,GREEN,MEDIUM,FAIR,UNKNOWN,WBA,2026-06-10,8,0,0,0,0,0,0
37,109715,2018,BMW,4-Series,430I,WHITE,119564,1,4.0,Green,,WBA4J1C57JBM10552,2e3296c3b796,edge_pipeline_vehicle_search_2026-06-09.csv,2026-06-10T16:54:50.345008+00:00,GREEN,HIGH,GOOD,UNKNOWN,WBA,2026-06-10,8,0,0,0,0,0,0
29,1530202,2018,BMW,4-Series,430i,BLACK,136175,1,2.0,Red,,WBA4W3C5XJAE99555,2e3296c3b796,edge_pipeline_vehicle_search_2026-06-09.csv,2026-06-10T16:54:50.345008+00:00,RED,HIGH,POOR,UNKNOWN,WBA,2026-06-10,8,0,0,0,0,0,0
31,274879,2017,BMW,4-Series,440i xDrive,RED,58527,1,2.9,Green,GREEN LIGHT,WBA4E5C38HG810756,2e3296c3b796,edge_pipeline_vehicle_search_2026-06-09.csv,2026-06-10T16:54:50.345008+00:00,GREEN,MEDIUM,FAIR,AWD,WBA,2026-06-10,9,0,0,0,0,0,1
14,1003075,2017,BMW,4-Series,430i,BLUE,73338,1,4.4,Red,,WBA4U7C53H5H19666,2e3296c3b796,edge_pipeline_vehicle_search_2026-06-09.csv,2026-06-10T16:54:50.345008+00:00,RED,MEDIUM,GOOD,UNKNOWN,WBA,2026-06-10,9,0,0,0,0,0,0
4,1434346,2017,BMW,4-Series,GRAN COUPE,WHITE,80034,0,,,,WBA4F7C36HG788605,2e3296c3b796,edge_pipeline_vehicle_search_2026-06-09.csv,2026-06-10T16:54:50.345008+00:00,UNKNOWN,MEDIUM,,UNKNOWN,WBA,2026-06-10,9,0,0,0,0,0,0
32,1231993,2017,BMW,4-Series,430i,BLUE,87549,1,3.3,,,WBA4R7C55HK876681,2e3296c3b796,edge_pipeline_vehicle_search_2026-06-09.csv,2026-06-10T16:54:50.345008+00:00,UNKNOWN,MEDIUM,FAIR,UNKNOWN,WBA,2026-06-10,9,0,0,0,0,0,0
14,230960,2017,BMW,4-Series,440i,PINK,99321,0,,Red,,WBA4E3C57HG186745,2e3296c3b796,edge_pipeline_vehicle_search_2026-06-09.csv,2026-06-10T16:54:50.345008+00:00,RED,MEDIUM,,UNKNOWN,WBA,2026-06-10,9,0,0,0,0,0,0
35,916916,2016,BMW,4-Series,428i,WHITE,59417,1,2.5,Red,,WBA3V7C57G5A26641,2e3296c3b796,edge_pipeline_vehicle_search_2026-06-09.csv,2026-06-10T16:54:50.345008+00:00,RED,MEDIUM,FAIR,UNKNOWN,WBA,2026-06-10,10,0,0,0,0,0,0
18,277555,2016,BMW,4-Series,435i,BLACK,77595,0,,,,WBA3T3C50G5A42338,2e3296c3b796,edge_pipeline_vehicle_search_2026-06-09.csv,2026-06-10T16:54:50.345008+00:00,UNKNOWN,MEDIUM,,UNKNOWN,WBA,2026-06-10,10,0,0,0,0,0,0
7,918043,2016,BMW,4-Series,428i,BLACK,117118,0,,,,WBA3N7C54GK228335,2e3296c3b796,edge_pipeline_vehicle_search_2026-06-09.csv,2026-06-10T16:54:50.345008+00:00,UNKNOWN,HIGH,,UNKNOWN,WBA,2026-06-10,10,0,0,0,0,0,0
13,1484466,2015,BMW,4-Series,428i xDrive,BLUE,48761,0,,Red,AS-IS; SALVAGE TITLE; (C)TOTAL LOSS; (A)STRUCTURAL OR FRAME REPAIR PERFORMED,WBA3N5C56FK484771,2e3296c3b796,edge_pipeline_vehicle_search_2026-06-09.csv,2026-06-10T16:54:50.345008+00:00,RED,MEDIUM,,AWD,WBA,2026-06-10,11,1,0,1,1,0,0
15,927919,2015,BMW,4-Series,435i xDrive,BLUE,69893,0,,Green,,WBA4B3C53FGV48561,2e3296c3b796,edge_pipeline_vehicle_search_2026-06-09.csv,2026-06-10T16:54:50.345008+00:00,GREEN,MEDIUM,,AWD,WBA,2026-06-10,11,0,0,0,0,0,0
17,926026,2015,BMW,4-Series,428i xDrive,RED,88567,0,,Red,,WBA4C9C56FD331555,2e3296c3b796,edge_pipeline_vehicle_search_2026-06-09.csv,2026-06-10T16:54:50.345008+00:00,RED,MEDIUM,,AWD,WBA,2026-06-10,11,0,0,0,0,0,0
16,4622679,2015,BMW,4-Series,435i xDrive,BLACK,99801,0,,,FIVE WEEK TA POLICY APPLIES,WBA4B3C58FD669524,2e3296c3b796,edge_pipeline_vehicle_search_2026-06-09.csv,2026-06-10T16:54:50.345008+00:00,UNKNOWN,MEDIUM,,AWD,WBA,2026-06-10,11,0,0,0,0,0,0
32,2019887,2015,BMW,4-Series,435i,RED,103631,1,3.8,,AS IS NO ARB(MT); *; DMV EXP 12/16/2025; DMV FEES DUE $ 266,WBA3R1C50FK194412,2e3296c3b796,edge_pipeline_vehicle_search_2026-06-09.csv,2026-06-10T16:54:50.345008+00:00,UNKNOWN,HIGH,GOOD,UNKNOWN,WBA,2026-06-10,11,1,0,0,0,0,0
30,989802,2015,BMW,4-Series,428i,WHITE,117160,1,2.7,Red,AS IS,WBA4A9C58FGL85072,2e3296c3b796,edge_pipeline_vehicle_search_2026-06-09.csv,2026-06-10T16:54:50.345008+00:00,RED,HIGH,FAIR,UNKNOWN,WBA,2026-06-10,11,1,0,0,0,0,0
30,790979,2015,BMW,4-Series,I,WHITE,141555,1,1.7,,PERSONAL USE; AS-IS; STRUCTURAL,WBA3N3C56FK231874,2e3296c3b796,edge_pipeline_vehicle_search_2026-06-09.csv,2026-06-10T16:54:50.345008+00:00,UNKNOWN,HIGH,POOR,UNKNOWN,WBA,2026-06-10,11,1,0,1,0,0,0
18,1277405,2015,BMW,4-Series,435i xDrive,WHITE,192232,0,,Red,,WBA3R5C54FK371924,2e3296c3b796,edge_pipeline_vehicle_search_2026-06-09.csv,2026-06-10T16:54:50.345008+00:00,RED,HIGH,,AWD,WBA,2026-06-10,11,0,0,0,0,0,0
18,267317,2014,BMW,4-Series,,WHITE,82646,0,,Red,*STRUCTURAL,WBA3N9C54EF721157,2e3296c3b796,edge_pipeline_vehicle_search_2026-06-09.csv,2026-06-10T16:54:50.345008+00:00,RED,MEDIUM,,UNKNOWN,WBA,2026-06-10,12,0,0,1,0,0,0
1,112963860,2014,BMW,4-Series,435i 2D Convertible,BLACK,104181,0,,,,WBA3T3C59EJ876786,2e3296c3b796,edge_pipeline_vehicle_search_2026-06-09.csv,2026-06-10T16:54:50.345008+00:00,UNKNOWN,HIGH,,UNKNOWN,WBA,2026-06-10,12,0,0,0,0,0,0
15,1487386,2023,BMW,5-Series,530i xDrive,BLUE,23255,0,,,AS IS,WBA13BJ06PWY17600,2e3296c3b796,edge_pipeline_vehicle_search_2026-06-09.csv,2026-06-10T16:54:50.345008+00:00,UNKNOWN,LOW,,AWD,WBA,2026-06-10,3,1,0,0,0,0,0
35,77674,2023,BMW,5-Series,530i,BLACK,35625,1,3.5,Green,GL   DMV$15,WBA53BH00PCL12631,2e3296c3b796,edge_pipeline_vehicle_search_2026-06-09.csv,2026-06-10T16:54:50.345008+00:00,GREEN,MEDIUM,GOOD,UNKNOWN,WBA,2026-06-10,3,0,0,0,0,0,0
13,1003022,2023,BMW,5-Series,530i,GRAY,67521,1,3.7,Red,,WBA53BH01PWX90992,2e3296c3b796,edge_pipeline_vehicle_search_2026-06-09.csv,2026-06-10T16:54:50.345008+00:00,RED,MEDIUM,GOOD,UNKNOWN,WBA,2026-06-10,3,0,0,0,0,0,0
17,288252,2023,BMW,5-Series,530i,WHITE,105590,1,,Green,,WBA53BH02PWY16855,2e3296c3b796,edge_pipeline_vehicle_search_2026-06-09.csv,2026-06-10T16:54:50.345008+00:00,GREEN,HIGH,,UNKNOWN,WBA,2026-06-10,3,0,0,0,0,0,0
13,316525,2022,BMW,5-Series,540i xDrive,WHITE,47996,1,4.7,Green,,WBA73BJ04NWX45268,2e3296c3b796,edge_pipeline_vehicle_search_2026-06-09.csv,2026-06-10T16:54:50.345008+00:00,GREEN,MEDIUM,EXCELLENT,AWD,WBA,2026-06-10,4,0,0,0,0,0,0
7,918347,2020,BMW,5-Series,530i,BLUE,55020,0,,,,WBAJR3C09LWW67350,2e3296c3b796,edge_pipeline_vehicle_search_2026-06-09.csv,2026-06-10T16:54:50.345008+00:00,UNKNOWN,MEDIUM,,UNKNOWN,WBA,2026-06-10,6,0,0,0,0,0,0
32,668274,2020,BMW,5-Series,,BLACK,98050,1,3.8,,,WBAJS7C07LCE10462,2e3296c3b796,edge_pipeline_vehicle_search_2026-06-09.csv,2026-06-10T16:54:50.345008+00:00,UNKNOWN,MEDIUM,GOOD,UNKNOWN,WBA,2026-06-10,6,0,0,0,0,0,0
32,119136,2019,BMW,5-Series,530e iPerformance,BLACK,60728,1,4.0,Green,"REPO, 3RD PARTY SELLER; 7-DAY MECHANICAL GUARANTEE",WBAJA9C59KB254128,2e3296c3b796,edge_pipeline_vehicle_search_2026-06-09.csv,2026-06-10T16:54:50.345008+00:00,GREEN,MEDIUM,GOOD,UNKNOWN,WBA,2026-06-10,7,0,0,0,0,1,0
21,267851,2019,BMW,5-Series,,GRAY,62710,1,4.4,Red,,WBAJA7C55KWW25153,2e3296c3b796,edge_pipeline_vehicle_search_2026-06-09.csv,2026-06-10T16:54:50.345008+00:00,RED,MEDIUM,GOOD,UNKNOWN,WBA,2026-06-10,7,0,0,0,0,0,0
44,112961760,2019,BMW,5-Series,M550xi 4D Sedan,WHITE,92751,1,3.4,,Ride 'N' Drive,WBAJB9C56KB288797,2e3296c3b796,edge_pipeline_vehicle_search_2026-06-09.csv,2026-06-10T16:54:50.345008+00:00,UNKNOWN,MEDIUM,FAIR,AWD,WBA,2026-06-10,7,0,0,0,0,0,0
17,14676,2019,BMW,5-Series,530i,BLACK,98709,1,2.3,Red,"AS IS, INOP, ELECTRICAL ISSUE",WBAJA5C58KWW05628,2e3296c3b796,edge_pipeline_vehicle_search_2026-06-09.csv,2026-06-10T16:54:50.345008+00:00,RED,MEDIUM,POOR,UNKNOWN,WBA,2026-06-10,7,1,1,0,0,0,0
31,112962705,2019,BMW,5-Series,M550xi 4D Sedan,BLACK,101850,1,3.2,,Caution;AS IS;Over 100k,WBAJB9C57KB465129,2e3296c3b796,edge_pipeline_vehicle_search_2026-06-09.csv,2026-06-10T16:54:50.345008+00:00,UNKNOWN,HIGH,FAIR,AWD,WBA,2026-06-10,7,1,0,0,0,0,0
10,229174,2019,BMW,5-Series,530i,BLUE,104215,0,,Red,,WBAJA5C57KWW40144,2e3296c3b796,edge_pipeline_vehicle_search_2026-06-09.csv,2026-06-10T16:54:50.345008+00:00,RED,HIGH,,UNKNOWN,WBA,2026-06-10,7,0,0,0,0,0,0
22,791337,2019,BMW,5-Series,XI,BLACK,113442,1,2.8,,AG; PERSONAL USE,WBAJA7C53KWW12806,2e3296c3b796,edge_pipeline_vehicle_search_2026-06-09.csv,2026-06-10T16:54:50.345008+00:00,UNKNOWN,HIGH,FAIR,AWD,WBA,2026-06-10,7,0,0,0,0,0,0
61,587706,2019,BMW,5-Series,530e iPerformance,SILVER,128068,1,2.7,Red,STRUCTURAL DAMAGE; AS IS,WBAJA9C53KB393641,2e3296c3b796,edge_pipeline_vehicle_search_2026-06-09.csv,2026-06-10T16:54:50.345008+00:00,RED,HIGH,FAIR,UNKNOWN,WBA,2026-06-10,7,1,0,1,0,0,0
13,1012779,2018,BMW,5-Series,530e xDrive iPerformance,SILVER,52354,1,4.7,Yellow,YELLOW LIGHT 7 DAY GTY; OIL LEAK; BILL OF SALE ONLY,WBAJB1C57JB374944,2e3296c3b796,edge_pipeline_vehicle_search_2026-06-09.csv,2026-06-10T16:54:50.345008+00:00,YELLOW,MEDIUM,EXCELLENT,AWD,WBA,2026-06-10,8,0,0,0,0,0,0
22,19784,2018,BMW,5-Series,540i xDrive,GRAY,58498,1,,,,WBAJE7C55JWD52883,2e3296c3b796,edge_pipeline_vehicle_search_2026-06-09.csv,2026-06-10T16:54:50.345008+00:00,UNKNOWN,MEDIUM,,AWD,WBA,2026-06-10,8,0,0,0,0,0,0
25,674783,2018,BMW,5-Series,530i,BLUE,64992,1,4.8,Green,,WBAJA5C56JG900283,2e3296c3b796,edge_pipeline_vehicle_search_2026-06-09.csv,2026-06-10T16:54:50.345008+00:00,GREEN,MEDIUM,EXCELLENT,UNKNOWN,WBA,2026-06-10,8,0,0,0,0,0,0
29,256362,2018,BMW,5-Series,530i,BLACK,72183,1,4.0,Red,,WBAJA5C52JWA37765,2e3296c3b796,edge_pipeline_vehicle_search_2026-06-09.csv,2026-06-10T16:54:50.345008+00:00,RED,MEDIUM,GOOD,UNKNOWN,WBA,2026-06-10,8,0,0,0,0,0,0
24,1634535,2018,BMW,5-Series,530i,BLACK,74829,1,4.4,Green,3RD PARTY SELLER,WBAJA5C58JWA37446,2e3296c3b796,edge_pipeline_vehicle_search_2026-06-09.csv,2026-06-10T16:54:50.345008+00:00,GREEN,MEDIUM,GOOD,UNKNOWN,WBA,2026-06-10,8,0,0,0,0,0,0
21,229123,2018,BMW,5-Series,530i,WHITE,86670,1,4.0,Red,,WBAJA5C51JWA37773,2e3296c3b796,edge_pipeline_vehicle_search_2026-06-09.csv,2026-06-10T16:54:50.345008+00:00,RED,MEDIUM,GOOD,UNKNOWN,WBA,2026-06-10,8,0,0,0,0,0,0
22,128919,2018,BMW,5-Series,530i,BLACK,95695,1,3.5,Red,TITLE PRESENT; DMV PEN 1265; STRUCTURAL DAMAGE,WBAJA5C56JWA36988,2e3296c3b796,edge_pipeline_vehicle_search_2026-06-09.csv,2026-06-10T16:54:50.345008+00:00,RED,MEDIUM,GOOD,UNKNOWN,WBA,2026-06-10,8,0,0,1,0,0,0
0,205102,2018,BMW,5-Series,540i,GRAY,95975,0,,,,WBAJE5C51JWA93488,2e3296c3b796,edge_pipeline_vehicle_search_2026-06-09.csv,2026-06-10T16:54:50.345008+00:00,UNKNOWN,MEDIUM,,UNKNOWN,WBA,2026-06-10,8,0,0,0,0,0,0
16,78563,2018,BMW,5-Series,530e iPerformance,BLUE,100380,1,4.5,Green,GUARANTEED; CABLE IN OFFICE,WBAJA9C52JB252946,2e3296c3b796,edge_pipeline_vehicle_search_2026-06-09.csv,2026-06-10T16:54:50.345008+00:00,GREEN,HIGH,EXCELLENT,UNKNOWN,WBA,2026-06-10,8,0,0,0,0,0,0
16,148707,2017,BMW,5-Series,540i xDrive,BLACK,98347,0,,,TITLE ATTACHED,WBAJE7C37HG890128,2e3296c3b796,edge_pipeline_vehicle_search_2026-06-09.csv,2026-06-10T16:54:50.345008+00:00,UNKNOWN,MEDIUM,,AWD,WBA,2026-06-10,9,0,0,0,0,0,0
30,1774922,2017,BMW,5-Series,530i xDrive,BLACK,121090,1,3.5,Red,,WBAJA7C38HG904453,2e3296c3b796,edge_pipeline_vehicle_search_2026-06-09.csv,2026-06-10T16:54:50.345008+00:00,RED,HIGH,GOOD,AWD,WBA,2026-06-10,9,0,0,0,0,0,0
28,1528118,2017,BMW,5-Series,530i,WHITE,122362,1,1.9,Red,,WBAJA5C32HG897939,2e3296c3b796,edge_pipeline_vehicle_search_2026-06-09.csv,2026-06-10T16:54:50.345008+00:00,RED,HIGH,POOR,UNKNOWN,WBA,2026-06-10,9,0,0,0,0,0,0
31,146322,2017,BMW,5-Series,540i xDrive,BLACK,125262,1,3.3,,3RD PARTY SELLER; REPO; AS IS,WBAJE7C31HG887144,2e3296c3b796,edge_pipeline_vehicle_search_2026-06-09.csv,2026-06-10T16:54:50.345008+00:00,UNKNOWN,HIGH,FAIR,AWD,WBA,2026-06-10,9,1,0,0,0,1,0
32,1737,2017,BMW,5-Series,530I XDRIVE,GY,127600,0,,,,WBAJA7C34HWA70495,2e3296c3b796,edge_pipeline_vehicle_search_2026-06-09.csv,2026-06-10T16:54:50.345008+00:00,UNKNOWN,HIGH,,AWD,WBA,2026-06-10,9,0,0,0,0,0,0
20,149238,2016,BMW,5-Series,528i xDrive,BLUE,109551,1,3.6,,"OVER 100,000",WBA5A7C59GG151842,2e3296c3b796,edge_pipeline_vehicle_search_2026-06-09.csv,2026-06-10T16:54:50.345008+00:00,UNKNOWN,HIGH,GOOD,AWD,WBA,2026-06-10,10,0,0,0,0,0,0
18,3587,2016,BMW,5-Series,528I XDRIVE,SV,137782,0,,,,WBA5A7C51GG149860,2e3296c3b796,edge_pipeline_vehicle_search_2026-06-09.csv,2026-06-10T16:54:50.345008+00:00,UNKNOWN,HIGH,,AWD,WBA,2026-06-10,10,0,0,0,0,0,0
36,1770263,2016,BMW,5-Series,528i,GRAY,156685,1,0.0,Red,SALVAGE TITLE,WBA5A5C55GG347961,2e3296c3b796,edge_pipeline_vehicle_search_2026-06-09.csv,2026-06-10T16:54:50.345008+00:00,RED,HIGH,POOR,UNKNOWN,WBA,2026-06-10,10,0,0,0,1,0,0
20,149115,2016,BMW,5-Series,528i xDrive,GRAY,171182,1,3.5,,"OVER 100,000",WBA5A7C5XGG146360,2e3296c3b796,edge_pipeline_vehicle_search_2026-06-09.csv,2026-06-10T16:54:50.345008+00:00,UNKNOWN,HIGH,GOOD,AWD,WBA,2026-06-10,10,0,0,0,0,0,0
29,254318,2015,BMW,5-Series,528i,BLUE,105214,1,4.1,Red,,WBA5A5C59FD521336,2e3296c3b796,edge_pipeline_vehicle_search_2026-06-09.csv,2026-06-10T16:54:50.345008+00:00,RED,HIGH,GOOD,UNKNOWN,WBA,2026-06-10,11,0,0,0,0,0,0
24,1178336,2015,BMW,5-Series,528i xDrive,BLACK,105638,1,1.0,,INOP AS IS; NO ARB; KEY IN FLEET,WBA5A7C54FD623297,2e3296c3b796,edge_pipeline_vehicle_search_2026-06-09.csv,2026-06-10T16:54:50.345008+00:00,UNKNOWN,HIGH,POOR,AWD,WBA,2026-06-10,11,1,1,0,0,0,0
21,1635496,2015,BMW,5-Series,550i,GRAY,106075,0,,,,WBAKN9C56FD960864,2e3296c3b796,edge_pipeline_vehicle_search_2026-06-09.csv,2026-06-10T16:54:50.345008+00:00,UNKNOWN,HIGH,,UNKNOWN,WBA,2026-06-10,11,0,0,0,0,0,0
10,229203,2015,BMW,5-Series,528i,BLACK,111805,0,,Red,,WBA5A5C59FD517691,2e3296c3b796,edge_pipeline_vehicle_search_2026-06-09.csv,2026-06-10T16:54:50.345008+00:00,RED,HIGH,,UNKNOWN,WBA,2026-06-10,11,0,0,0,0,0,0
16,701071,2015,BMW,5-Series,528i,GRAY,121204,0,,Red,,WBA5A5C54FD522300,2e3296c3b796,edge_pipeline_vehicle_search_2026-06-09.csv,2026-06-10T16:54:50.345008+00:00,RED,HIGH,,UNKNOWN,WBA,2026-06-10,11,0,0,0,0,0,0
15,825230,2015,BMW,5-Series,535i,WHITE,134929,0,,Red,,WBA5B1C56FG128561,2e3296c3b796,edge_pipeline_vehicle_search_2026-06-09.csv,2026-06-10T16:54:50.345008+00:00,RED,HIGH,,UNKNOWN,WBA,2026-06-10,11,0,0,0,0,0,0
27,1634364,2015,BMW,5-Series,528i,BLACK,135392,1,3.3,Green,,WBA5A5C51FD515966,2e3296c3b796,edge_pipeline_vehicle_search_2026-06-09.csv,2026-06-10T16:54:50.345008+00:00,GREEN,HIGH,FAIR,UNKNOWN,WBA,2026-06-10,11,0,0,0,0,0,0
36,134135,2015,BMW,5-Series,528i xDrive,BLACK,141013,1,3.8,Red,FRAME & DRIVE AS IS; DELAYED TITLE,WBA5A7C54FD622893,2e3296c3b796,edge_pipeline_vehicle_search_2026-06-09.csv,2026-06-10T16:54:50.345008+00:00,RED,HIGH,GOOD,AWD,WBA,2026-06-10,11,1,0,0,0,0,0
38,989511,2015,BMW,5-Series,528i,BLACK,142299,1,2.3,Red,AS IS,WBA5A5C53FD523583,2e3296c3b796,edge_pipeline_vehicle_search_2026-06-09.csv,2026-06-10T16:54:50.345008+00:00,RED,HIGH,POOR,UNKNOWN,WBA,2026-06-10,11,1,0,0,0,0,0
39,133313,2015,BMW,5-Series,535i xDrive,BLACK,147546,1,3.0,Red,AS IS,WBA5B3C55FD542699,2e3296c3b796,edge_pipeline_vehicle_search_2026-06-09.csv,2026-06-10T16:54:50.345008+00:00,RED,HIGH,FAIR,AWD,WBA,2026-06-10,11,1,0,0,0,0,0
31,1098462,2015,BMW,5-Series,535d,WHITE,174629,1,3.9,,,WBAXA5C52FD691417,2e3296c3b796,edge_pipeline_vehicle_search_2026-06-09.csv,2026-06-10T16:54:50.346006+00:00,UNKNOWN,HIGH,GOOD,UNKNOWN,WBA,2026-06-10,11,0,0,0,0,0,0
0,1098607,2014,BMW,5-Series,528i,NO COLOR,0,0,,,GREEN LIGHT,WBA5A5C54ED502417,2e3296c3b796,edge_pipeline_vehicle_search_2026-06-09.csv,2026-06-10T16:54:50.346006+00:00,UNKNOWN,ANOMALY,,UNKNOWN,WBA,2026-06-10,12,0,0,0,0,0,1
17,2094277,2014,BMW,5-Series,528i xDrive,WHITE,69421,0,,White,SELLER GUARANTEE; AG; TITLE HERE,WBA5A7C55ED619564,2e3296c3b796,edge_pipeline_vehicle_search_2026-06-09.csv,2026-06-10T16:54:50.346006+00:00,WHITE,MEDIUM,,AWD,WBA,2026-06-10,12,0,0,0,0,0,0
13,1487074,2014,BMW,5-Series,528i xDrive,WHITE,76350,0,,Green,RIDE&DRIVE,WBA5A7C58ED620174,2e3296c3b796,edge_pipeline_vehicle_search_2026-06-09.csv,2026-06-10T16:54:50.346006+00:00,GREEN,MEDIUM,,AWD,WBA,2026-06-10,12,0,0,0,0,0,0
22,52810,2014,BMW,5-Series,528i,SILVER,103041,1,4.8,Red,,WBA5A5C53ED504109,2e3296c3b796,edge_pipeline_vehicle_search_2026-06-09.csv,2026-06-10T16:54:50.346006+00:00,RED,HIGH,EXCELLENT,UNKNOWN,WBA,2026-06-10,12,0,0,0,0,0,0
33,1220295,2014,BMW,5-Series,528i,SILVER,104178,1,2.1,,REDLIGHTT,WBA5A5C53ED510475,2e3296c3b796,edge_pipeline_vehicle_search_2026-06-09.csv,2026-06-10T16:54:50.346006+00:00,UNKNOWN,HIGH,POOR,UNKNOWN,WBA,2026-06-10,12,0,0,0,0,0,0
33,333041,2014,BMW,5-Series,528i,BLACK,104194,1,3.8,Yellow,POWERTRAIN DRIVE,WBA5A5C58ED505787,2e3296c3b796,edge_pipeline_vehicle_search_2026-06-09.csv,2026-06-10T16:54:50.346006+00:00,YELLOW,HIGH,GOOD,UNKNOWN,WBA,2026-06-10,12,0,0,0,0,0,0
50,33416,2014,BMW,5-Series,528i,BLACK,110862,1,1.8,Red,"TOTAL LOSS,SALVAGE",WBA5A5C53ED505311,2e3296c3b796,edge_pipeline_vehicle_search_2026-06-09.csv,2026-06-10T16:54:50.346006+00:00,RED,HIGH,POOR,UNKNOWN,WBA,2026-06-10,12,0,0,0,1,0,0
36,256066,2014,BMW,5-Series,528i,SILVER,118500,1,1.9,Red,,WBA5A5C51ED500592,2e3296c3b796,edge_pipeline_vehicle_search_2026-06-09.csv,2026-06-10T16:54:50.346006+00:00,RED,HIGH,POOR,UNKNOWN,WBA,2026-06-10,12,0,0,0,0,0,0
26,958616,2014,BMW,5-Series,550i,BLACK,130019,1,0.0,Red,INOP/MOTOR,WBAKN9C53ED681385,2e3296c3b796,edge_pipeline_vehicle_search_2026-06-09.csv,2026-06-10T16:54:50.346006+00:00,RED,HIGH,POOR,UNKNOWN,WBA,2026-06-10,12,0,1,0,0,0,0
23,254312,2014,BMW,5-Series,535i xDrive,GRAY,132099,1,4.0,Red,,WBA5B3C59ED532885,2e3296c3b796,edge_pipeline_vehicle_search_2026-06-09.csv,2026-06-10T16:54:50.346006+00:00,RED,HIGH,GOOD,AWD,WBA,2026-06-10,12,0,0,0,0,0,0
13,750685,2014,BMW,5-Series,528I XDRIVE,WHITE,141798,1,2.7,Red,AS IS TH,WBA5A7C5XED615686,2e3296c3b796,edge_pipeline_vehicle_search_2026-06-09.csv,2026-06-10T16:54:50.346006+00:00,RED,HIGH,FAIR,AWD,WBA,2026-06-10,12,1,0,0,0,0,0
11,3479589,2014,BMW,5-Series,535I XDRIVE,BLACK,152203,0,,Red,TITLE HERE,WBA5B3C58ED539102,2e3296c3b796,edge_pipeline_vehicle_search_2026-06-09.csv,2026-06-10T16:54:50.346006+00:00,RED,HIGH,,AWD,WBA,2026-06-10,12,0,0,0,0,0,0
30,1283747,2014,BMW,5-Series,535d,BLUE,154675,1,2.3,Green,AS IS NO ARB ON FRAME,WBAXA5C59ED001810,2e3296c3b796,edge_pipeline_vehicle_search_2026-06-09.csv,2026-06-10T16:54:50.346006+00:00,GREEN,HIGH,POOR,UNKNOWN,WBA,2026-06-10,12,1,0,0,0,0,0
21,78802,2014,BMW,5-Series,528i,BLACK,157774,1,3.9,Red,,WBA5A5C51ED512435,2e3296c3b796,edge_pipeline_vehicle_search_2026-06-09.csv,2026-06-10T16:54:50.346006+00:00,RED,HIGH,GOOD,UNKNOWN,WBA,2026-06-10,12,0,0,0,0,0,0
25,267354,2014,BMW,5-Series,,WHITE,200602,0,,Red,*STRUCTURAL,WBA5A7C51ED617181,2e3296c3b796,edge_pipeline_vehicle_search_2026-06-09.csv,2026-06-10T16:54:50.346006+00:00,RED,HIGH,,UNKNOWN,WBA,2026-06-10,12,0,0,1,0,0,0
23,189616,2014,BMW,5-Series,535i,SILVER,211897,0,,Yellow,SLOW TITLE,WBA5B1C5XED478288,2e3296c3b796,edge_pipeline_vehicle_search_2026-06-09.csv,2026-06-10T16:54:50.346006+00:00,YELLOW,HIGH,,UNKNOWN,WBA,2026-06-10,12,0,0,0,0,0,0
23,78763,2013,BMW,5-Series,528i,GRAY,113303,1,2.6,Red,,WBAXG5C5XDDY36957,2e3296c3b796,edge_pipeline_vehicle_search_2026-06-09.csv,2026-06-10T16:54:50.346006+00:00,RED,HIGH,FAIR,UNKNOWN,WBA,2026-06-10,13,0,0,0,0,0,0
35,517007,2013,BMW,5-Series,550i xDrive,WHITE,121193,1,2.6,Green,TITLE IN THE OFFICE; As-Is; GREEN LIGHT,WBAFU9C59DDY71839,2e3296c3b796,edge_pipeline_vehicle_search_2026-06-09.csv,2026-06-10T16:54:50.346006+00:00,GREEN,HIGH,FAIR,AWD,WBA,2026-06-10,13,1,0,0,0,0,1
23,230947,2013,BMW,5-Series,535i xDrive,WHITE,126654,1,3.1,Red,,WBAFU7C52DDU71237,2e3296c3b796,edge_pipeline_vehicle_search_2026-06-09.csv,2026-06-10T16:54:50.346006+00:00,RED,HIGH,FAIR,AWD,WBA,2026-06-10,13,0,0,0,0,0,0
12,349889,2013,BMW,5-Series,535i xDrive,BLACK,134878,0,,Red,3RD PARTY SELLER; (A)SEVERE DMG RPTD,WBAFU7C54DDU67335,2e3296c3b796,edge_pipeline_vehicle_search_2026-06-09.csv,2026-06-10T16:54:50.346006+00:00,RED,HIGH,,AWD,WBA,2026-06-10,13,0,0,0,0,0,0
8,802513,2013,BMW,5-Series,528i xDrive,BLACK,144251,1,2.7,Red,"OVER 100,000 RED LIGHT",WBAXH5C5XDD110271,2e3296c3b796,edge_pipeline_vehicle_search_2026-06-09.csv,2026-06-10T16:54:50.346006+00:00,RED,HIGH,FAIR,AWD,WBA,2026-06-10,13,0,0,0,0,0,0
40,45939,2013,BMW,5-Series,535I XDRIVE,BLUE,152585,0,,,TITLE HERE,WBAFU7C57DDU71508,2e3296c3b796,edge_pipeline_vehicle_search_2026-06-09.csv,2026-06-10T16:54:50.346006+00:00,UNKNOWN,HIGH,,AWD,WBA,2026-06-10,13,0,0,0,0,0,0
7,918323,2013,BMW,5-Series,528i,BLACK,156670,0,,Red,,WBAXG5C50DDY31248,2e3296c3b796,edge_pipeline_vehicle_search_2026-06-09.csv,2026-06-10T16:54:50.346006+00:00,RED,HIGH,,UNKNOWN,WBA,2026-06-10,13,0,0,0,0,0,0
16,825576,2018,BMW,6-Series,650i,BLACK,50465,0,,Red,,WBA6D4C5XJGA01047,2e3296c3b796,edge_pipeline_vehicle_search_2026-06-09.csv,2026-06-10T16:54:50.346006+00:00,RED,MEDIUM,,UNKNOWN,WBA,2026-06-10,8,0,0,0,0,0,0
43,10116,2018,BMW,6-Series,650I,BLACK,53778,1,3.7,Red,TOP IS BROKEN,WBA6F5C59JD997049,2e3296c3b796,edge_pipeline_vehicle_search_2026-06-09.csv,2026-06-10T16:54:50.346006+00:00,RED,MEDIUM,GOOD,UNKNOWN,WBA,2026-06-10,8,0,0,0,0,0,0
19,1288836,2017,BMW,6-Series,650i,BLUE,101308,1,3.3,Red,,WBA6D4C59HD977636,2e3296c3b796,edge_pipeline_vehicle_search_2026-06-09.csv,2026-06-10T16:54:50.346006+00:00,RED,HIGH,FAIR,UNKNOWN,WBA,2026-06-10,9,0,0,0,0,0,0
15,700992,2016,BMW,6-Series,650i,BLACK,63525,0,,Red,,WBA6D4C50GD977345,2e3296c3b796,edge_pipeline_vehicle_search_2026-06-09.csv,2026-06-10T16:54:50.346006+00:00,RED,MEDIUM,,UNKNOWN,WBA,2026-06-10,10,0,0,0,0,0,0
42,1772854,2016,BMW,6-Series,640i xDrive,BLACK,130331,1,1.8,Red,AS IS; (A)Frame Damage,WBA6D2C52GGT65568,2e3296c3b796,edge_pipeline_vehicle_search_2026-06-09.csv,2026-06-10T16:54:50.346006+00:00,RED,HIGH,POOR,AWD,WBA,2026-06-10,10,1,0,0,0,0,0
14,369061,2015,BMW,6-Series,640i xDrive,WHITE,92786,0,,,AS IS NO ARBITRATION,WBALY1C51FDZ73549,2e3296c3b796,edge_pipeline_vehicle_search_2026-06-09.csv,2026-06-10T16:54:50.346006+00:00,UNKNOWN,MEDIUM,,AWD,WBA,2026-06-10,11,1,0,0,0,0,0
29,345001,2013,BMW,6-Series,640i,WHITE,110875,1,3.4,Red,RL; Sunroof,WBA6A0C50DDF14475,2e3296c3b796,edge_pipeline_vehicle_search_2026-06-09.csv,2026-06-10T16:54:50.346006+00:00,RED,HIGH,FAIR,UNKNOWN,WBA,2026-06-10,13,0,0,0,0,0,0
17,927774,2019,BMW,6-Series Grn Turismo,640i xDrive,GRAY,89546,0,,Green,,WBAJV6C52KBK08952,2e3296c3b796,edge_pipeline_vehicle_search_2026-06-09.csv,2026-06-10T16:54:50.346006+00:00,GREEN,MEDIUM,,AWD,WBA,2026-06-10,7,0,0,0,0,0,0
21,256039,2018,BMW,6-Series Grn Turismo,640i xDrive,WHITE,77025,1,4.5,Red,,WBAJV6C52JBK07699,2e3296c3b796,edge_pipeline_vehicle_search_2026-06-09.csv,2026-06-10T16:54:50.346006+00:00,RED,MEDIUM,EXCELLENT,AWD,WBA,2026-06-10,8,0,0,0,0,0,0
0,19817,2018,BMW,6-Series Grn Turismo,640i xDrive,BLUE,82393,1,,,,WBAJV6C56JBK07706,2e3296c3b796,edge_pipeline_vehicle_search_2026-06-09.csv,2026-06-10T16:54:50.346006+00:00,UNKNOWN,MEDIUM,,AWD,WBA,2026-06-10,8,0,0,0,0,0,0
27,347463,2026,BMW,7-Series,760i xDrive,WHITE,11333,1,4.6,,,WBA33EJ06TCW56445,2e3296c3b796,edge_pipeline_vehicle_search_2026-06-09.csv,2026-06-10T16:54:50.346006+00:00,UNKNOWN,LOW,EXCELLENT,AWD,WBA,2026-06-10,0,0,0,0,0,0,0
36,110739,2023,BMW,7-Series,760I XDRIVE,WHITE,36159,1,4.9,Green,,WBA33EJ03PCN26435,2e3296c3b796,edge_pipeline_vehicle_search_2026-06-09.csv,2026-06-10T16:54:50.346006+00:00,GREEN,MEDIUM,EXCELLENT,AWD,WBA,2026-06-10,3,0,0,0,0,0,0
14,390684,2022,BMW,7-Series,740i,BLACK,34027,0,,Red,,WBA7T2C07NCK13012,2e3296c3b796,edge_pipeline_vehicle_search_2026-06-09.csv,2026-06-10T16:54:50.346006+00:00,RED,MEDIUM,,UNKNOWN,WBA,2026-06-10,4,0,0,0,0,0,0
13,1179387,2021,BMW,7-Series,750i xDrive,WHITE,69405,0,,,,WBA7U2C07MCF05192,2e3296c3b796,edge_pipeline_vehicle_search_2026-06-09.csv,2026-06-10T16:54:50.346006+00:00,UNKNOWN,MEDIUM,,AWD,WBA,2026-06-10,5,0,0,0,0,0,0
35,352274,2020,BMW,7-Series,740i xDrive,BLACK,115430,1,2.0,,*AS IS; FRAME; BODY SERVICE PERFORMED 2019,WBA7T4C01LCD62169,2e3296c3b796,edge_pipeline_vehicle_search_2026-06-09.csv,2026-06-10T16:54:50.346006+00:00,UNKNOWN,HIGH,POOR,AWD,WBA,2026-06-10,6,1,0,0,0,0,0
14,86646,2019,BMW,7-Series,740i,WHITE,61887,1,4.6,Red,ALT. SUSPENSION,WBA7E2C54KB217073,2e3296c3b796,edge_pipeline_vehicle_search_2026-06-09.csv,2026-06-10T16:54:50.346006+00:00,RED,MEDIUM,EXCELLENT,UNKNOWN,WBA,2026-06-10,7,0,0,0,0,0,0
20,111054,2018,BMW,7-Series,740E XDRIVE,GREEN,39164,0,,,,WBA7J2C58JG938235,2e3296c3b796,edge_pipeline_vehicle_search_2026-06-09.csv,2026-06-10T16:54:50.346006+00:00,UNKNOWN,MEDIUM,,AWD,WBA,2026-06-10,8,0,0,0,0,0,0
17,782545,2018,BMW,7-Series,750i xDrive,BLACK,122413,0,,,AS IS,WBA7F2C53JG424651,2e3296c3b796,edge_pipeline_vehicle_search_2026-06-09.csv,2026-06-10T16:54:50.346006+00:00,UNKNOWN,HIGH,,AWD,WBA,2026-06-10,8,1,0,0,0,0,0
11,922831,2017,BMW,7-Series,740e xDrive iPerformance,BLACK,94924,0,,Red,100% GOLD SELLER,WBA7J2C38HG497893,2e3296c3b796,edge_pipeline_vehicle_search_2026-06-09.csv,2026-06-10T16:54:50.346006+00:00,RED,MEDIUM,,AWD,WBA,2026-06-10,9,0,0,0,0,0,0
26,1528991,2017,BMW,7-Series,740i,WHITE,122829,1,1.7,Red,structural damage; SECU,WBA7E2C30HG741430,2e3296c3b796,edge_pipeline_vehicle_search_2026-06-09.csv,2026-06-10T16:54:50.346006+00:00,RED,HIGH,POOR,UNKNOWN,WBA,2026-06-10,9,0,0,1,0,0,0
13,1003187,2016,BMW,7-Series,740i,GRAY,69515,0,,Red,,WBA7E2C59GG714548,2e3296c3b796,edge_pipeline_vehicle_search_2026-06-09.csv,2026-06-10T16:54:50.346006+00:00,RED,MEDIUM,,UNKNOWN,WBA,2026-06-10,10,0,0,0,0,0,0
15,387864,2016,BMW,7-Series,750I XDRIVE,WHITE,71208,0,,Red,,WBA7F2C58GGE12345,2e3296c3b796,edge_pipeline_vehicle_search_2026-06-09.csv,2026-06-10T16:54:50.346006+00:00,RED,MEDIUM,,AWD,WBA,2026-06-10,10,0,0,0,0,0,0
17,3559,2016,BMW,7-Series,750I XDRIVE,BL,82677,0,,,,WBA7F2C56GG416438,2e3296c3b796,edge_pipeline_vehicle_search_2026-06-09.csv,2026-06-10T16:54:50.346006+00:00,UNKNOWN,MEDIUM,,AWD,WBA,2026-06-10,10,0,0,0,0,0,0
37,993004,2016,BMW,7-Series,750i xDrive,BLACK,115258,1,3.4,,,WBA7F2C52GG415898,2e3296c3b796,edge_pipeline_vehicle_search_2026-06-09.csv,2026-06-10T16:54:50.346006+00:00,UNKNOWN,HIGH,FAIR,AWD,WBA,2026-06-10,10,0,0,0,0,0,0
52,32532,2016,BMW,7-Series,750I XDRIVE,SILVER,119013,1,2.7,Green,ALT SUSP,WBA7F2C56GG419551,2e3296c3b796,edge_pipeline_vehicle_search_2026-06-09.csv,2026-06-10T16:54:50.346006+00:00,GREEN,HIGH,FAIR,AWD,WBA,2026-06-10,10,0,0,0,0,0,0
18,87820,2016,BMW,7-Series,750i,WHITE,137383,0,,,,WBA7F0C56GGL99595,2e3296c3b796,edge_pipeline_vehicle_search_2026-06-09.csv,2026-06-10T16:54:50.346006+00:00,UNKNOWN,HIGH,,UNKNOWN,WBA,2026-06-10,10,0,0,0,0,0,0
12,1175807,2015,BMW,7-Series,750i,SILVER,92915,0,,Red,,WBAYA8C58FG197664,2e3296c3b796,edge_pipeline_vehicle_search_2026-06-09.csv,2026-06-10T16:54:50.346006+00:00,RED,MEDIUM,,UNKNOWN,WBA,2026-06-10,11,0,0,0,0,0,0
9,5880,2015,BMW,7-Series,740Li xDrive,WHITE,93460,0,,Red,AS IS; PREV TITLE NY,WBAYF4C5XFGS99039,2e3296c3b796,edge_pipeline_vehicle_search_2026-06-09.csv,2026-06-10T16:54:50.346006+00:00,RED,MEDIUM,,AWD,WBA,2026-06-10,11,1,0,0,0,0,0
34,50193845,2015,BMW,7-Series,750Li xDrive,BLACK,130046,1,1.8,Red,AS IS,WBAYF8C55FD653946,2e3296c3b796,edge_pipeline_vehicle_search_2026-06-09.csv,2026-06-10T16:54:50.346006+00:00,RED,HIGH,POOR,AWD,WBA,2026-06-10,11,1,0,0,0,0,0
33,272955,2014,BMW,7-Series,750Li,BLACK,155508,1,2.4,,AS IS; TITLE OWNER CAPITAL COMM BANK,WBAYE8C50ED780279,2e3296c3b796,edge_pipeline_vehicle_search_2026-06-09.csv,2026-06-10T16:54:50.346006+00:00,UNKNOWN,HIGH,POOR,UNKNOWN,WBA,2026-06-10,12,1,0,0,0,0,0
24,960749,2013,BMW,7-Series,750Li,WHITE,72056,1,3.0,Red,AS IS,WBAYE8C52DD133185,2e3296c3b796,edge_pipeline_vehicle_search_2026-06-09.csv,2026-06-10T16:54:50.346006+00:00,RED,MEDIUM,FAIR,UNKNOWN,WBA,2026-06-10,13,1,0,0,0,0,0
35,254107,2013,BMW,7-Series,750Li,BLACK,89117,1,3.2,Red,,WBAYE8C55DD133956,2e3296c3b796,edge_pipeline_vehicle_search_2026-06-09.csv,2026-06-10T16:54:50.346006+00:00,RED,MEDIUM,FAIR,UNKNOWN,WBA,2026-06-10,13,0,0,0,0,0,0
41,592509,2013,BMW,7-Series,750Li,SILVER,112389,1,4.5,Green,REMARKETING BY ELEMENT/DAA SOUTHERN AUCTIONS; J00692,WBAYE8C57DD133909,2e3296c3b796,edge_pipeline_vehicle_search_2026-06-09.csv,2026-06-10T16:54:50.346006+00:00,GREEN,HIGH,EXCELLENT,UNKNOWN,WBA,2026-06-10,13,0,0,0,0,0,0
23,565106,2013,BMW,7-Series,750Li,GRAY,129300,1,4.8,Green,,WBAYE8C52DD132134,2e3296c3b796,edge_pipeline_vehicle_search_2026-06-09.csv,2026-06-10T16:54:50.346006+00:00,GREEN,HIGH,EXCELLENT,UNKNOWN,WBA,2026-06-10,13,0,0,0,0,0,0
16,699094,2013,BMW,7-Series,750i,WHITE,174141,0,,Red,,WBAYA8C58DC996655,2e3296c3b796,edge_pipeline_vehicle_search_2026-06-09.csv,2026-06-10T16:54:50.346006+00:00,RED,HIGH,,UNKNOWN,WBA,2026-06-10,13,0,0,0,0,0,0
21,803,2015,BMW,7 SERIES 750LI,,BLACK,128557,0,,Green,,WBAYE8C52FD781841,2e3296c3b796,edge_pipeline_vehicle_search_2026-06-09.csv,2026-06-10T16:54:50.346006+00:00,GREEN,HIGH,,UNKNOWN,WBA,2026-06-10,11,0,0,0,0,0,0
36,33570,2017,BMW,7 SERIES ALPINA B7 X,,BLACK,65586,1,4.5,Green,,WBA7F2C5XHG421658,2e3296c3b796,edge_pipeline_vehicle_search_2026-06-09.csv,2026-06-10T16:54:50.346006+00:00,GREEN,MEDIUM,EXCELLENT,UNKNOWN,WBA,2026-06-10,9,0,0,0,0,0,0
12,292955,2023,BMW,8-Series,840i,WHITE,19215,1,4.9,Green,,WBADZ2C01PCL83273,2e3296c3b796,edge_pipeline_vehicle_search_2026-06-09.csv,2026-06-10T16:54:50.346006+00:00,GREEN,LOW,EXCELLENT,UNKNOWN,WBA,2026-06-10,3,0,0,0,0,0,0
20,254275,2022,BMW,8-Series,M850i,BLACK,127064,1,2.4,Red,LEFT C PILAR PREV REPAIR / LEFT WHEEL  HOUSING PREV REPAIR,WBAGV8C04NCG89203,2e3296c3b796,edge_pipeline_vehicle_search_2026-06-09.csv,2026-06-10T16:54:50.346006+00:00,RED,HIGH,POOR,UNKNOWN,WBA,2026-06-10,4,0,0,0,0,0,0
42,959922,2021,BMW,8-Series,M850i,BLACK,58540,1,3.5,Red,,WBAGV8C08MCF96246,2e3296c3b796,edge_pipeline_vehicle_search_2026-06-09.csv,2026-06-10T16:54:50.346006+00:00,RED,MEDIUM,GOOD,UNKNOWN,WBA,2026-06-10,5,0,0,0,0,0,0
10,924545,2020,BMW,8-Series,M850i,BLUE,36782,1,4.3,Green,,WBAGV8C06LBP48798,2e3296c3b796,edge_pipeline_vehicle_search_2026-06-09.csv,2026-06-10T16:54:50.346006+00:00,GREEN,MEDIUM,GOOD,UNKNOWN,WBA,2026-06-10,6,0,0,0,0,0,0
32,254104,2020,BMW,8-Series,840i,BLACK,44463,1,3.9,Green,,WBADZ2C02LCE47754,2e3296c3b796,edge_pipeline_vehicle_search_2026-06-09.csv,2026-06-10T16:54:50.346006+00:00,GREEN,MEDIUM,GOOD,UNKNOWN,WBA,2026-06-10,6,0,0,0,0,0,0
13,10255896,2020,BMW,8-Series,M850i,WHITE,48136,1,4.7,Green,,WBAGV8C08LBP48866,2e3296c3b796,edge_pipeline_vehicle_search_2026-06-09.csv,2026-06-10T16:54:50.346006+00:00,GREEN,MEDIUM,EXCELLENT,UNKNOWN,WBA,2026-06-10,6,0,0,0,0,0,0
15,825082,2013,BMW,Gran Turismo,535i,BLACK,86918,0,,Red,,WBASN2C56DC202596,2e3296c3b796,edge_pipeline_vehicle_search_2026-06-09.csv,2026-06-10T16:54:50.346006+00:00,RED,MEDIUM,,UNKNOWN,WBA,2026-06-10,13,0,0,0,0,0,0
7,917569,2016,BMW,i3,4dr HB w/Range Extender,BLACK,72136,0,,Red,,WBY1Z4C52GV507650,2e3296c3b796,edge_pipeline_vehicle_search_2026-06-09.csv,2026-06-10T16:54:50.346006+00:00,RED,MEDIUM,,UNKNOWN,WBY,2026-06-10,10,0,0,0,0,0,0
16,267709,2015,BMW,i3,,WHITE,104992,0,,Red,,WBY1Z4C53FV278281,2e3296c3b796,edge_pipeline_vehicle_search_2026-06-09.csv,2026-06-10T16:54:50.346006+00:00,RED,HIGH,,UNKNOWN,WBY,2026-06-10,11,0,0,0,0,0,0
31,1525818,2024,BMW,i4,xDrive40,BLACK,9760,1,3.8,Green,PENTAGON FCU,WBY83FB03RFR87339,2e3296c3b796,edge_pipeline_vehicle_search_2026-06-09.csv,2026-06-10T16:54:50.346006+00:00,GREEN,LOW,GOOD,AWD,WBY,2026-06-10,2,0,0,0,0,0,0
14,1013509,2024,BMW,iX,xDrive50,WHITE,35685,1,4.4,Red,,WB523CF01RCN03892,2e3296c3b796,edge_pipeline_vehicle_search_2026-06-09.csv,2026-06-10T16:54:50.346006+00:00,RED,MEDIUM,GOOD,AWD,WB5,2026-06-10,2,0,0,0,0,0,0
20,205035,2017,BMW,M3,Sedan,WHITE,64131,1,4.5,,no cats,WBS8M9C58H5G42415,2e3296c3b796,edge_pipeline_vehicle_search_2026-06-09.csv,2026-06-10T16:54:50.346006+00:00,UNKNOWN,MEDIUM,EXCELLENT,UNKNOWN,WBS,2026-06-10,9,0,0,0,0,0,0
29,390441,2025,BMW,M4,COMPETITION XDRIV,BLACK,25212,1,,Green,NEW CAR STORE EXTRA KEY IN OFFICE,WBS33HK04SCT95200,2e3296c3b796,edge_pipeline_vehicle_search_2026-06-09.csv,2026-06-10T16:54:50.346006+00:00,GREEN,LOW,,UNKNOWN,WBS,2026-06-10,1,0,0,0,0,0,0
22,110917,2015,BMW,M4,2DR CPE,BLUE,94587,0,,Red,"AFTERMARKET EXHAUST, NO CATS",WBS3R9C57FK330965,2e3296c3b796,edge_pipeline_vehicle_search_2026-06-09.csv,2026-06-10T16:54:50.346006+00:00,RED,MEDIUM,,UNKNOWN,WBS,2026-06-10,11,0,0,0,0,0,0
29,1319471,2015,BMW,M4,2dr Cpe,WHITE,151352,1,2.7,,AS IS,WBS3R9C54FK330096,2e3296c3b796,edge_pipeline_vehicle_search_2026-06-09.csv,2026-06-10T16:54:50.346006+00:00,UNKNOWN,HIGH,FAIR,UNKNOWN,WBS,2026-06-10,11,1,0,0,0,0,0
23,254237,2023,BMW,M5,Sedan,GRAY,17019,1,4.0,Green,,WBS83CH0XPCN24841,2e3296c3b796,edge_pipeline_vehicle_search_2026-06-09.csv,2026-06-10T16:54:50.346006+00:00,GREEN,LOW,GOOD,UNKNOWN,WBS,2026-06-10,3,0,0,0,0,0,0
31,991918,2020,BMW,M5,Competition,WHITE,75378,1,4.1,Green,CATALYTIC CONVERTER CODES; AFTERMARKET MODIFICATIONS,WBSJF0C05LCE64463,2e3296c3b796,edge_pipeline_vehicle_search_2026-06-09.csv,2026-06-10T16:54:50.346006+00:00,GREEN,MEDIUM,GOOD,UNKNOWN,WBS,2026-06-10,6,0,0,0,0,0,0
32,133742,2014,BMW,M5,4dr Sdn,SILVER,78196,1,4.2,Red,AS IS,WBSFV9C55ED594052,2e3296c3b796,edge_pipeline_vehicle_search_2026-06-09.csv,2026-06-10T16:54:50.346006+00:00,RED,MEDIUM,GOOD,UNKNOWN,WBS,2026-06-10,12,1,0,0,0,0,0
25,19734,2023,BMW,X1,XDrive28i,GRAY,54903,1,,,,WBX73EF05P5W75045,2e3296c3b796,edge_pipeline_vehicle_search_2026-06-09.csv,2026-06-10T16:54:50.346006+00:00,UNKNOWN,MEDIUM,,AWD,WBX,2026-06-10,3,0,0,0,0,0,0
18,231345,2021,BMW,X1,sDrive28i,BLUE,42737,1,4.6,Red,,WBXJG7C00M5S01140,2e3296c3b796,edge_pipeline_vehicle_search_2026-06-09.csv,2026-06-10T16:54:50.346006+00:00,RED,MEDIUM,EXCELLENT,RWD,WBX,2026-06-10,5,0,0,0,0,0,0
24,1098321,2021,BMW,X1,XDrive28i,SILVER,55892,1,4.5,,,WBXJG9C00M5S82555,2e3296c3b796,edge_pipeline_vehicle_search_2026-06-09.csv,2026-06-10T16:54:50.346006+00:00,UNKNOWN,MEDIUM,EXCELLENT,AWD,WBX,2026-06-10,5,0,0,0,0,0,0
19,230832,2021,BMW,X1,XDrive28i,BLUE,66453,1,4.5,Green,,WBXJG9C00M3M74439,2e3296c3b796,edge_pipeline_vehicle_search_2026-06-09.csv,2026-06-10T16:54:50.346006+00:00,GREEN,MEDIUM,EXCELLENT,AWD,WBX,2026-06-10,5,0,0,0,0,0,0
21,10255772,2021,BMW,X1,sDrive28i,SILVER,98239,1,3.8,Green,,WBXJG7C08M5T91950,2e3296c3b796,edge_pipeline_vehicle_search_2026-06-09.csv,2026-06-10T16:54:50.346006+00:00,GREEN,MEDIUM,GOOD,RWD,WBX,2026-06-10,5,0,0,0,0,0,0
30,1626522,2020,BMW,X1,sDrive28i,BLACK,73562,1,3.7,,,WBXJG7C03L5P39104,2e3296c3b796,edge_pipeline_vehicle_search_2026-06-09.csv,2026-06-10T16:54:50.346006+00:00,UNKNOWN,MEDIUM,GOOD,RWD,WBX,2026-06-10,6,0,0,0,0,0,0
13,1179816,2019,BMW,X1,sDrive28i,SILVER,70686,0,,,,WBXHU7C57K3H44709,2e3296c3b796,edge_pipeline_vehicle_search_2026-06-09.csv,2026-06-10T16:54:50.346006+00:00,UNKNOWN,MEDIUM,,RWD,WBX,2026-06-10,7,0,0,0,0,0,0
43,1529609,2019,BMW,X1,sDrive28i,BLACK,106484,1,1.3,Red,,WBXHU7C56K3H44555,2e3296c3b796,edge_pipeline_vehicle_search_2026-06-09.csv,2026-06-10T16:54:50.346006+00:00,RED,HIGH,POOR,RWD,WBX,2026-06-10,7,0,0,0,0,0,0
25,291403,2018,BMW,X1,XDrive28i,SILVER,47734,1,4.6,,(A)Canadian Renewal,WBXHT3C33J5K21777,2e3296c3b796,edge_pipeline_vehicle_search_2026-06-09.csv,2026-06-10T16:54:50.346006+00:00,UNKNOWN,MEDIUM,EXCELLENT,AWD,WBX,2026-06-10,8,0,0,0,0,0,0
10,15694,2018,BMW,X1,XDrive28i,BROWN,70262,1,4.7,Green,,WBXHT3C32J5K27344,2e3296c3b796,edge_pipeline_vehicle_search_2026-06-09.csv,2026-06-10T16:54:50.346006+00:00,GREEN,MEDIUM,EXCELLENT,AWD,WBX,2026-06-10,8,0,0,0,0,0,0
16,1012851,2018,BMW,X1,XDrive28i,GRAY,73282,1,2.3,Red,HAIL DAMAGE,WBXHT3C32J5K24167,2e3296c3b796,edge_pipeline_vehicle_search_2026-06-09.csv,2026-06-10T16:54:50.346006+00:00,RED,MEDIUM,POOR,AWD,WBX,2026-06-10,8,0,0,0,0,0,0
17,3479492,2018,BMW,X1,,WHITE,77816,1,2.9,Red,TITLE HERE PERSONAL GREEN,WBXHU7C36J5H43181,2e3296c3b796,edge_pipeline_vehicle_search_2026-06-09.csv,2026-06-10T16:54:50.346006+00:00,RED,MEDIUM,FAIR,UNKNOWN,WBX,2026-06-10,8,0,0,0,0,0,0
33,353456,2018,BMW,X1,sDrive28i,WHITE,78782,1,3.6,Red,RED LIGHT,WBXHU7C36J5H40653,2e3296c3b796,edge_pipeline_vehicle_search_2026-06-09.csv,2026-06-10T16:54:50.346006+00:00,RED,MEDIUM,GOOD,RWD,WBX,2026-06-10,8,0,0,0,0,0,0
39,5258524,2018,BMW,X1,sDrive28i,GRAY,87663,1,2.6,Green,GREENLIGHT; ELECTRICAL ISSUES,WBXHU7C32J3F04495,2e3296c3b796,edge_pipeline_vehicle_search_2026-06-09.csv,2026-06-10T16:54:50.346006+00:00,GREEN,MEDIUM,FAIR,RWD,WBX,2026-06-10,8,0,0,0,0,0,1
28,35593,2018,BMW,X1,sDrive28i,BLUE,104898,1,3.4,Red,TITLE PRESENT,WBXHU7C37J3F04444,2e3296c3b796,edge_pipeline_vehicle_search_2026-06-09.csv,2026-06-10T16:54:50.346006+00:00,RED,HIGH,FAIR,RWD,WBX,2026-06-10,8,0,0,0,0,0,0
21,267862,2018,BMW,X1,,BLACK,124051,0,,Red,,WBXHU7C32J5H42027,2e3296c3b796,edge_pipeline_vehicle_search_2026-06-09.csv,2026-06-10T16:54:50.346006+00:00,RED,HIGH,,UNKNOWN,WBX,2026-06-10,8,0,0,0,0,0,0
22,267858,2017,BMW,X1,,GRAY,94885,0,,Red,,WBXHT3Z39H4A54707,2e3296c3b796,edge_pipeline_vehicle_search_2026-06-09.csv,2026-06-10T16:54:50.346006+00:00,RED,MEDIUM,,UNKNOWN,WBX,2026-06-10,9,0,0,0,0,0,0
22,149277,2017,BMW,X1,sDrive28i,WHITE,97480,1,3.7,,,WBXHU7C34H5H33436,2e3296c3b796,edge_pipeline_vehicle_search_2026-06-09.csv,2026-06-10T16:54:50.346006+00:00,UNKNOWN,MEDIUM,GOOD,RWD,WBX,2026-06-10,9,0,0,0,0,0,0
60,2019941,2017,BMW,X1,XDrive28i,BROWN,239654,1,3.6,,AS IS NO ARB- MILES OVER; **; DMV EXP 08/14/2026,WBXHT3C36H5F72597,2e3296c3b796,edge_pipeline_vehicle_search_2026-06-09.csv,2026-06-10T16:54:50.346006+00:00,UNKNOWN,HIGH,GOOD,AWD,WBX,2026-06-10,9,1,0,0,0,0,0
7,63743,2016,BMW,X1,XDrive28i,BLACK,61307,0,,"Green,Blue",,WBXHT3C35GP885267,2e3296c3b796,edge_pipeline_vehicle_search_2026-06-09.csv,2026-06-10T16:54:50.346006+00:00,GREEN,MEDIUM,,AWD,WBX,2026-06-10,10,0,0,0,0,0,0
9,1485585,2016,BMW,X1,XDrive28i,WHITE,82712,0,,Red,AS IS; (C)LEMON TITLE; (A)MFGR. BUYBACK,WBXHT3C30GP881014,2e3296c3b796,edge_pipeline_vehicle_search_2026-06-09.csv,2026-06-10T16:54:50.346509+00:00,RED,MEDIUM,,AWD,WBX,2026-06-10,10,1,0,0,0,0,0
12,1487251,2016,BMW,X1,XDrive28i,GRAY,84273,0,,,AS-IS,WBXHT3C33G5E55008,2e3296c3b796,edge_pipeline_vehicle_search_2026-06-09.csv,2026-06-10T16:54:50.346509+00:00,UNKNOWN,MEDIUM,,AWD,WBX,2026-06-10,10,1,0,0,0,0,0
36,4303257,2016,BMW,X1,XDrive28i,BLACK,99061,1,3.3,Green,GREEN LIGHT; TITLE ATTACHED; OIL LEAK,WBXHT3C30GP881417,2e3296c3b796,edge_pipeline_vehicle_search_2026-06-09.csv,2026-06-10T16:54:50.346509+00:00,GREEN,MEDIUM,FAIR,AWD,WBX,2026-06-10,10,0,0,0,0,0,1
17,231375,2016,BMW,X1,XDrive28i,WHITE,118013,1,4.0,Red,,WBXHT3C30GP887251,2e3296c3b796,edge_pipeline_vehicle_search_2026-06-09.csv,2026-06-10T16:54:50.346509+00:00,RED,HIGH,GOOD,AWD,WBX,2026-06-10,10,0,0,0,0,0,0
19,112963844,2016,BMW,X1,XDrive28i 4D SAV,WHITE,121231,0,,,,WBXHT3C32GP883363,2e3296c3b796,edge_pipeline_vehicle_search_2026-06-09.csv,2026-06-10T16:54:50.346509+00:00,UNKNOWN,HIGH,,AWD,WBX,2026-06-10,10,0,0,0,0,0,0
20,27700,2016,BMW,X1,XDrive28i,WHITE,134366,1,3.7,Red,,WBXHT3Z36G4A48233,2e3296c3b796,edge_pipeline_vehicle_search_2026-06-09.csv,2026-06-10T16:54:50.346509+00:00,RED,HIGH,GOOD,AWD,WBX,2026-06-10,10,0,0,0,0,0,0
14,85524,2016,BMW,X1,XDrive28i,WHITE,160157,0,,Red,,WBXHT3C39GP886244,2e3296c3b796,edge_pipeline_vehicle_search_2026-06-09.csv,2026-06-10T16:54:50.346509+00:00,RED,HIGH,,AWD,WBX,2026-06-10,10,0,0,0,0,0,0
47,822061,2016,BMW,X1,XDrive28i,WHITE,184407,1,2.0,Red,,WBXHT3C35GP880599,2e3296c3b796,edge_pipeline_vehicle_search_2026-06-09.csv,2026-06-10T16:54:50.346509+00:00,RED,HIGH,POOR,AWD,WBX,2026-06-10,10,0,0,0,0,0,0
15,352378,2015,BMW,X1,XDrive28i,WHITE,91981,0,,Green,(A)TMU(NOT ACTUAL MILES),WBAVL1C55FVY32887,2e3296c3b796,edge_pipeline_vehicle_search_2026-06-09.csv,2026-06-10T16:54:50.346509+00:00,GREEN,MEDIUM,,AWD,WBA,2026-06-10,11,0,0,0,0,0,0
5,79455,2015,BMW,X1,XDrive28i,SILVER,94630,0,,White,,WBAVL1C51FVY33177,2e3296c3b796,edge_pipeline_vehicle_search_2026-06-09.csv,2026-06-10T16:54:50.346509+00:00,WHITE,MEDIUM,,AWD,WBA,2026-06-10,11,0,0,0,0,0,0
26,254315,2015,BMW,X1,sDrive28i,GRAY,101310,1,,Red,,WBAVM1C54FVW58100,2e3296c3b796,edge_pipeline_vehicle_search_2026-06-09.csv,2026-06-10T16:54:50.346509+00:00,RED,HIGH,,RWD,WBA,2026-06-10,11,0,0,0,0,0,0
26,145925,2015,BMW,X1,XDrive28i,BLUE,102194,1,3.4,,"OVER 100,000; SALVAGE, WATER DAMAGE; REBUILT/RECONSTRUCTED; FLOOD-TITLE BRANDED",WBAVL1C54FVY34940,2e3296c3b796,edge_pipeline_vehicle_search_2026-06-09.csv,2026-06-10T16:54:50.346509+00:00,UNKNOWN,HIGH,FAIR,AWD,WBA,2026-06-10,11,0,0,0,1,0,0
16,148974,2015,BMW,X1,XDrive28i,GRAY,104489,0,,,,WBAVL1C58FVY29711,2e3296c3b796,edge_pipeline_vehicle_search_2026-06-09.csv,2026-06-10T16:54:50.346509+00:00,UNKNOWN,HIGH,,AWD,WBA,2026-06-10,11,0,0,0,0,0,0
55,824298,2015,BMW,X1,sDrive28i,BLACK,123863,1,1.9,Red,,WBAVM1C56FVW58972,2e3296c3b796,edge_pipeline_vehicle_search_2026-06-09.csv,2026-06-10T16:54:50.346509+00:00,RED,HIGH,POOR,RWD,WBA,2026-06-10,11,0,0,0,0,0,0
46,521926,2015,BMW,X1,XDrive28i,WHITE,193360,1,3.4,Red,AS IS; REPO PAPERS; CK ENG LIGHT ON,WBAVL1C5XFVY29869,2e3296c3b796,edge_pipeline_vehicle_search_2026-06-09.csv,2026-06-10T16:54:50.346509+00:00,RED,HIGH,FAIR,AWD,WBA,2026-06-10,11,1,0,0,0,1,0
17,566288,2014,BMW,X1,sDrive28i,WHITE,97889,1,3.8,,,WBAVM1C5XEVW53417,2e3296c3b796,edge_pipeline_vehicle_search_2026-06-09.csv,2026-06-10T16:54:50.346509+00:00,UNKNOWN,MEDIUM,GOOD,RWD,WBA,2026-06-10,12,0,0,0,0,0,0
19,33300,2014,BMW,X1,sDrive28i,WHITE,126234,0,,"Green,Yellow",ODO DISCREPANCY**,WBAVM1C55EVW47329,2e3296c3b796,edge_pipeline_vehicle_search_2026-06-09.csv,2026-06-10T16:54:50.346509+00:00,GREEN,HIGH,,RWD,WBA,2026-06-10,12,0,0,0,0,0,0
30,670225,2014,BMW,X1,,WHITE,131439,1,2.7,,,WBAVL1C55EVY18227,2e3296c3b796,edge_pipeline_vehicle_search_2026-06-09.csv,2026-06-10T16:54:50.346509+00:00,UNKNOWN,HIGH,FAIR,UNKNOWN,WBA,2026-06-10,12,0,0,0,0,0,0
21,63821,2013,BMW,X1,XDrive28i,WHITE,77713,1,3.7,Blue,,WBAVL1C54DVR89758,2e3296c3b796,edge_pipeline_vehicle_search_2026-06-09.csv,2026-06-10T16:54:50.346509+00:00,BLUE,MEDIUM,GOOD,AWD,WBA,2026-06-10,13,0,0,0,0,0,0
14,1003043,2013,BMW,X1,28i,WHITE,95235,1,3.6,Red,,WBAVM1C54DVW41598,2e3296c3b796,edge_pipeline_vehicle_search_2026-06-09.csv,2026-06-10T16:54:50.346509+00:00,RED,MEDIUM,GOOD,UNKNOWN,WBA,2026-06-10,13,0,0,0,0,0,0
11,751049,2013,BMW,X1,XDrive28i,BLUE,109609,0,,"Green,Yellow,Blue",CAMSHAFT CODES,WBAVL1C53DVR82817,2e3296c3b796,edge_pipeline_vehicle_search_2026-06-09.csv,2026-06-10T16:54:50.346509+00:00,GREEN,HIGH,,AWD,WBA,2026-06-10,13,0,0,0,0,0,0
14,1178771,2013,BMW,X1,XDrive35i,ORANGE,120257,0,,Red,,WBAVM5C55DVV90801,2e3296c3b796,edge_pipeline_vehicle_search_2026-06-09.csv,2026-06-10T16:54:50.346509+00:00,RED,HIGH,,AWD,WBA,2026-06-10,13,0,0,0,0,0,0
31,120358,2013,BMW,X1,XDrive28i,SILVER,121965,1,,Red,,WBAVL1C57DVR92203,2e3296c3b796,edge_pipeline_vehicle_search_2026-06-09.csv,2026-06-10T16:54:50.346509+00:00,RED,HIGH,,AWD,WBA,2026-06-10,13,0,0,0,0,0,0
53,352709,2013,BMW,X1,XDrive28i,ORANGE,149750,1,1.3,Red,,WBAVL1C54DVR90215,2e3296c3b796,edge_pipeline_vehicle_search_2026-06-09.csv,2026-06-10T16:54:50.346509+00:00,RED,HIGH,POOR,AWD,WBA,2026-06-10,13,0,0,0,0,0,0
18,256271,2022,BMW,X2,sDrive28i,BLACK,93439,0,,,TA; AS IS,WBXYH9C08N5U26799,2e3296c3b796,edge_pipeline_vehicle_search_2026-06-09.csv,2026-06-10T16:54:50.346509+00:00,UNKNOWN,MEDIUM,,RWD,WBX,2026-06-10,4,1,0,0,0,0,0
36,1771477,2020,BMW,X2,sDrive28i,BLACK,137577,1,2.8,Red,AS IS,WBXYH9C00L5P32747,2e3296c3b796,edge_pipeline_vehicle_search_2026-06-09.csv,2026-06-10T16:54:50.346509+00:00,RED,HIGH,FAIR,RWD,WBX,2026-06-10,6,1,0,0,0,0,0
34,1634868,2019,BMW,X2,sDrive28i,BLACK,90170,1,2.0,Red,STRUCTURAL DAMAGE,WBXYJ3C55KEP76948,2e3296c3b796,edge_pipeline_vehicle_search_2026-06-09.csv,2026-06-10T16:54:50.346509+00:00,RED,MEDIUM,POOR,RWD,WBX,2026-06-10,7,0,0,1,0,0,0
38,4296055,2018,BMW,X2,XDrive28i,GRAY,70435,1,2.7,Green,GL; AWD / NAV; PANOROOF,WBXYJ5C33JEF81328,2e3296c3b796,edge_pipeline_vehicle_search_2026-06-09.csv,2026-06-10T16:54:50.346509+00:00,GREEN,MEDIUM,FAIR,AWD,WBX,2026-06-10,8,0,0,0,0,0,0
18,277536,2018,BMW,X2,sDrive28i,GRAY,87054,0,,,,WBXYJ3C34JEJ91419,2e3296c3b796,edge_pipeline_vehicle_search_2026-06-09.csv,2026-06-10T16:54:50.346509+00:00,UNKNOWN,MEDIUM,,RWD,WBX,2026-06-10,8,0,0,0,0,0,0
16,960427,2018,BMW,X2,sDrive28i,WHITE,94543,1,4.0,Red,,WBXYJ3C38JEJ81864,2e3296c3b796,edge_pipeline_vehicle_search_2026-06-09.csv,2026-06-10T16:54:50.346509+00:00,RED,MEDIUM,GOOD,RWD,WBX,2026-06-10,8,0,0,0,0,0,0
21,79436,2024,BMW,X3,XDrive30i,BLUE,30203,1,5.0,White,,5UX53DP03R9U47746,2e3296c3b796,edge_pipeline_vehicle_search_2026-06-09.csv,2026-06-10T16:54:50.346509+00:00,WHITE,MEDIUM,EXCELLENT,AWD,5UX,2026-06-10,2,0,0,0,0,0,0
22,149245,2023,BMW,X3,XDrive30i,BLACK,29609,1,4.3,,,5UX53DP05P9S96034,2e3296c3b796,edge_pipeline_vehicle_search_2026-06-09.csv,2026-06-10T16:54:50.346509+00:00,UNKNOWN,LOW,GOOD,AWD,5UX,2026-06-10,3,0,0,0,0,0,0
28,12458,2023,BMW,X3,XDrive30i,WHITE,40479,1,4.3,"Green,Yellow",PREVIOUS CANADIAN,5UX53DP06P9R86522,2e3296c3b796,edge_pipeline_vehicle_search_2026-06-09.csv,2026-06-10T16:54:50.346509+00:00,GREEN,MEDIUM,GOOD,AWD,5UX,2026-06-10,3,0,0,0,0,0,0
18,223088,2022,BMW,X3,XDrive30i,WHITE,31818,1,4.9,Green,,5UX53DP07N9H43303,2e3296c3b796,edge_pipeline_vehicle_search_2026-06-09.csv,2026-06-10T16:54:50.346509+00:00,GREEN,MEDIUM,EXCELLENT,AWD,5UX,2026-06-10,4,0,0,0,0,0,0
25,77704,2022,BMW,X3,sDrive30i,BLACK,33451,1,4.0,Green,FRONTLINE READY,5UX43DP05N9L98880,2e3296c3b796,edge_pipeline_vehicle_search_2026-06-09.csv,2026-06-10T16:54:50.346509+00:00,GREEN,MEDIUM,GOOD,RWD,5UX,2026-06-10,4,0,0,0,0,0,0
18,231346,2022,BMW,X3,XDrive30i,GRAY,47262,1,4.6,Red,,5UX53DP07N9L82054,2e3296c3b796,edge_pipeline_vehicle_search_2026-06-09.csv,2026-06-10T16:54:50.346509+00:00,RED,MEDIUM,EXCELLENT,AWD,5UX,2026-06-10,4,0,0,0,0,0,0
32,254206,2022,BMW,X3,sDrive30i,WHITE,82082,1,4.0,Red,,5UX43DP0XN9L40165,2e3296c3b796,edge_pipeline_vehicle_search_2026-06-09.csv,2026-06-10T16:54:50.346509+00:00,RED,MEDIUM,GOOD,RWD,5UX,2026-06-10,4,0,0,0,0,0,0
34,33461,2022,BMW,X3,sDrive30i,BLACK,96600,1,2.5,"Green,Yellow","3RD PARTY SELLER - GREEN YELLOW - SALVAGE TOTAL LOSS,REBUILT/REBUILDABLE",5UX43DP02N9J15450,2e3296c3b796,edge_pipeline_vehicle_search_2026-06-09.csv,2026-06-10T16:54:50.346509+00:00,GREEN,MEDIUM,FAIR,RWD,5UX,2026-06-10,4,0,0,0,1,0,0
15,10255895,2022,BMW,X3,sDrive30i,WHITE,97123,1,3.9,,,WBX47DP04NN157960,2e3296c3b796,edge_pipeline_vehicle_search_2026-06-09.csv,2026-06-10T16:54:50.346509+00:00,UNKNOWN,MEDIUM,GOOD,RWD,WBX,2026-06-10,4,0,0,0,0,0,0
22,1769604,2022,BMW,X3,sDrive30i,WHITE,98246,1,4.1,Green,GREEN LIGHT,5UX43DP0XN9K46268,2e3296c3b796,edge_pipeline_vehicle_search_2026-06-09.csv,2026-06-10T16:54:50.346509+00:00,GREEN,MEDIUM,GOOD,RWD,5UX,2026-06-10,4,0,0,0,0,0,1
12,1487292,2021,BMW,X3,XDrive30e,WHITE,59630,0,,,AS IS,5UXTS1C06M9E82887,2e3296c3b796,edge_pipeline_vehicle_search_2026-06-09.csv,2026-06-10T16:54:50.346509+00:00,UNKNOWN,MEDIUM,,AWD,5UX,2026-06-10,5,1,0,0,0,0,0
31,1773244,2021,BMW,X3,XDrive30i,BLACK,70573,1,3.2,Red,THIRD PARTY SELLER,5UXTY5C04M9F33230,2e3296c3b796,edge_pipeline_vehicle_search_2026-06-09.csv,2026-06-10T16:54:50.346509+00:00,RED,MEDIUM,FAIR,AWD,5UX,2026-06-10,5,0,0,0,0,0,0
24,993718,2021,BMW,X3,sDrive30i,BLACK,78269,1,4.5,Green,,5UXTY3C03M9E22155,2e3296c3b796,edge_pipeline_vehicle_search_2026-06-09.csv,2026-06-10T16:54:50.346509+00:00,GREEN,MEDIUM,EXCELLENT,RWD,5UX,2026-06-10,5,0,0,0,0,0,0
9,1097873,2021,BMW,X3,XDrive30i,WHITE,104254,0,,Yellow,"SALE DAY GUARANTEE ONLY, ENGINE & TRANS; OVER $3,000 AND UNDER 150K",5UXTY5C05M9G37001,2e3296c3b796,edge_pipeline_vehicle_search_2026-06-09.csv,2026-06-10T16:54:50.346509+00:00,YELLOW,HIGH,,AWD,5UX,2026-06-10,5,0,0,0,0,0,0
21,1316804,2021,BMW,X3,XDrive30i,BLACK,126136,1,4.6,Red,,5UXTY5C08M9F13529,2e3296c3b796,edge_pipeline_vehicle_search_2026-06-09.csv,2026-06-10T16:54:50.346509+00:00,RED,HIGH,EXCELLENT,AWD,5UX,2026-06-10,5,0,0,0,0,0,0
33,1097974,2021,BMW,X3,M40i,BLACK,136660,1,4.1,Green,,5UXTY9C05M9G54047,2e3296c3b796,edge_pipeline_vehicle_search_2026-06-09.csv,2026-06-10T16:54:50.346509+00:00,GREEN,HIGH,GOOD,UNKNOWN,5UX,2026-06-10,5,0,0,0,0,0,0
13,553074,2021,BMW,X3,M40i,BLACK,141866,1,,,,5UXTY9C00M9F30669,2e3296c3b796,edge_pipeline_vehicle_search_2026-06-09.csv,2026-06-10T16:54:50.346509+00:00,UNKNOWN,HIGH,,UNKNOWN,5UX,2026-06-10,5,0,0,0,0,0,0
0,19820,2020,BMW,X3,sDrive30i,BLACK,31631,1,,,,5UXTY3C03L9D37024,2e3296c3b796,edge_pipeline_vehicle_search_2026-06-09.csv,2026-06-10T16:54:50.346509+00:00,UNKNOWN,MEDIUM,,RWD,5UX,2026-06-10,6,0,0,0,0,0,0
36,110321,2020,BMW,X3,sDrive30i,BLACK,69192,1,4.5,Red,,5UXTY3C04L9B82158,2e3296c3b796,edge_pipeline_vehicle_search_2026-06-09.csv,2026-06-10T16:54:50.346509+00:00,RED,MEDIUM,EXCELLENT,RWD,5UX,2026-06-10,6,0,0,0,0,0,0
17,244934,2020,BMW,X3,XDrive30i,BLUE,90600,1,4.5,,,5UXTY5C06L9D68263,2e3296c3b796,edge_pipeline_vehicle_search_2026-06-09.csv,2026-06-10T16:54:50.346509+00:00,UNKNOWN,MEDIUM,EXCELLENT,AWD,5UX,2026-06-10,6,0,0,0,0,0,0
24,231111,2020,BMW,X3,XDrive30i,BLACK,98293,1,4.3,Green,,5UXTY5C08L9B59882,2e3296c3b796,edge_pipeline_vehicle_search_2026-06-09.csv,2026-06-10T16:54:50.346509+00:00,GREEN,MEDIUM,GOOD,AWD,5UX,2026-06-10,6,0,0,0,0,0,0
32,254167,2020,BMW,X3,sDrive30i,GRAY,127095,1,3.4,Red,,5UXTY3C00LLU69660,2e3296c3b796,edge_pipeline_vehicle_search_2026-06-09.csv,2026-06-10T16:54:50.346509+00:00,RED,HIGH,FAIR,RWD,5UX,2026-06-10,6,0,0,0,0,0,0
16,148866,2020,BMW,X3,XDrive30i,WHITE,190920,0,,,"OVER 150,000",5UXTY5C05LLT35268,2e3296c3b796,edge_pipeline_vehicle_search_2026-06-09.csv,2026-06-10T16:54:50.346509+00:00,UNKNOWN,HIGH,,AWD,5UX,2026-06-10,6,0,0,0,0,0,0
11,72978,2019,BMW,X3,sDrive30i,WHITE,1,1,0.0,,INOP/ENGINE; (A)Unibody,5UXTR7C57KLF27359,2e3296c3b796,edge_pipeline_vehicle_search_2026-06-09.csv,2026-06-10T16:54:50.346509+00:00,UNKNOWN,ANOMALY,POOR,RWD,5UX,2026-06-10,7,0,1,0,0,0,0
14,231292,2019,BMW,X3,XDrive30i,BLACK,46732,0,,Red,,5UXTR9C55KLP91933,2e3296c3b796,edge_pipeline_vehicle_search_2026-06-09.csv,2026-06-10T16:54:50.346509+00:00,RED,MEDIUM,,AWD,5UX,2026-06-10,7,0,0,0,0,0,0
25,4300959,2019,BMW,X3,XDrive30i,BLACK,47834,1,4.6,Green,GREEN LIGHT,5UXTR9C51KLR04079,2e3296c3b796,edge_pipeline_vehicle_search_2026-06-09.csv,2026-06-10T16:54:50.346509+00:00,GREEN,MEDIUM,EXCELLENT,AWD,5UX,2026-06-10,7,0,0,0,0,0,1
33,4296427,2019,BMW,X3,XDrive30i,WHITE,55891,1,4.0,Green,GL; AWD / NAV; PANOROOF,5UXTR9C57KLD94260,2e3296c3b796,edge_pipeline_vehicle_search_2026-06-09.csv,2026-06-10T16:54:50.346509+00:00,GREEN,MEDIUM,GOOD,AWD,5UX,2026-06-10,7,0,0,0,0,0,0
1,112963958,2019,BMW,X3,XDrive30i 4D SAV,BROWN,58524,0,,,,5UXTR9C55KLD94290,2e3296c3b796,edge_pipeline_vehicle_search_2026-06-09.csv,2026-06-10T16:54:50.346509+00:00,UNKNOWN,MEDIUM,,AWD,5UX,2026-06-10,7,0,0,0,0,0,0
20,149281,2019,BMW,X3,XDrive30i,BLUE,70525,1,3.8,,,5UXTR9C52KLP95244,2e3296c3b796,edge_pipeline_vehicle_search_2026-06-09.csv,2026-06-10T16:54:50.346509+00:00,UNKNOWN,MEDIUM,GOOD,AWD,5UX,2026-06-10,7,0,0,0,0,0,0
14,1003091,2019,BMW,X3,XDrive30i,WHITE,73120,1,4.0,Red,,5UXTR9C5XKLD94835,2e3296c3b796,edge_pipeline_vehicle_search_2026-06-09.csv,2026-06-10T16:54:50.346509+00:00,RED,MEDIUM,GOOD,AWD,5UX,2026-06-10,7,0,0,0,0,0,0
7,5264468,2019,BMW,X3,XDrive30i,BLACK,75078,0,,Green,,5UXTR9C53KLP95950,2e3296c3b796,edge_pipeline_vehicle_search_2026-06-09.csv,2026-06-10T16:54:50.346509+00:00,GREEN,MEDIUM,,AWD,5UX,2026-06-10,7,0,0,0,0,0,0
30,1529932,2019,BMW,X3,XDrive30i,BLACK,81912,1,4.6,Green,SILVER CERTIFIED,5UXTR9C58KLP77198,2e3296c3b796,edge_pipeline_vehicle_search_2026-06-09.csv,2026-06-10T16:54:50.346509+00:00,GREEN,MEDIUM,EXCELLENT,AWD,5UX,2026-06-10,7,0,0,0,0,0,0
30,4302673,2019,BMW,X3,XDrive30i,WHITE,89822,1,4.2,Red,AS IS,5UXTR9C56KLP92119,2e3296c3b796,edge_pipeline_vehicle_search_2026-06-09.csv,2026-06-10T16:54:50.346509+00:00,RED,MEDIUM,GOOD,AWD,5UX,2026-06-10,7,1,0,0,0,0,0
27,1313926,2019,BMW,X3,XDrive30i,GRAY,89888,1,2.5,Green,GREEN LIGHT; ENGINE PROBLEM,5UXTR9C50KLD97663,2e3296c3b796,edge_pipeline_vehicle_search_2026-06-09.csv,2026-06-10T16:54:50.346509+00:00,GREEN,MEDIUM,FAIR,AWD,5UX,2026-06-10,7,0,0,0,0,0,1
18,277227,2019,BMW,X3,sDrive30i,GRAY,94559,0,,Green,GREEN LIGHT,5UXTR7C57KLF36353,2e3296c3b796,edge_pipeline_vehicle_search_2026-06-09.csv,2026-06-10T16:54:50.346509+00:00,GREEN,MEDIUM,,RWD,5UX,2026-06-10,7,0,0,0,0,0,1
26,993733,2019,BMW,X3,sDrive30i,BLACK,98594,1,4.6,Green,,5UXTR7C50KLR39605,2e3296c3b796,edge_pipeline_vehicle_search_2026-06-09.csv,2026-06-10T16:54:50.346509+00:00,GREEN,MEDIUM,EXCELLENT,RWD,5UX,2026-06-10,7,0,0,0,0,0,0
15,993890,2019,BMW,X3,sDrive30i,BLACK,101791,0,,Green,GREEN LIGHT; 3RD PAR.SELLER; TURBO LEAK,5UXTR7C55KLE98525,2e3296c3b796,edge_pipeline_vehicle_search_2026-06-09.csv,2026-06-10T16:54:50.346509+00:00,GREEN,HIGH,,RWD,5UX,2026-06-10,7,0,0,0,0,0,1
14,1012593,2019,BMW,X3,sDrive30i,GRAY,102045,1,4.5,Red,,5UXTR7C54KLE98211,2e3296c3b796,edge_pipeline_vehicle_search_2026-06-09.csv,2026-06-10T16:54:50.346509+00:00,RED,HIGH,EXCELLENT,RWD,5UX,2026-06-10,7,0,0,0,0,0,0
15,802325,2019,BMW,X3,XDrive30i,WHITE,102777,1,3.5,Red,RED LIGHT,5UXTR9C59KLD93546,2e3296c3b796,edge_pipeline_vehicle_search_2026-06-09.csv,2026-06-10T16:54:50.346509+00:00,RED,HIGH,GOOD,AWD,5UX,2026-06-10,7,0,0,0,0,0,0
42,2020150,2019,BMW,X3,XDrive30i,BLACK,103402,1,2.3,Red,AS IS NO ARB(MT); STRUCTRAL DAMAGE(AJ); DMV EXP 01/26/2027,5UXTR9C59KLD92817,2e3296c3b796,edge_pipeline_vehicle_search_2026-06-09.csv,2026-06-10T16:54:50.346509+00:00,RED,HIGH,POOR,AWD,5UX,2026-06-10,7,1,0,0,0,0,0
31,1771274,2019,BMW,X3,XDrive30i,WHITE,103983,1,3.6,Green,GREEN LIGHT,5UXTR9C59KLD97984,2e3296c3b796,edge_pipeline_vehicle_search_2026-06-09.csv,2026-06-10T16:54:50.346509+00:00,GREEN,HIGH,GOOD,AWD,5UX,2026-06-10,7,0,0,0,0,0,1
18,564435,2019,BMW,X3,sDrive30i,WHITE,105893,1,2.5,Red,INOP;AS-IS,5UXTR7C5XKLR48389,2e3296c3b796,edge_pipeline_vehicle_search_2026-06-09.csv,2026-06-10T16:54:50.346509+00:00,RED,HIGH,FAIR,RWD,5UX,2026-06-10,7,1,1,0,0,0,0
18,918229,2019,BMW,X3,XDrive30i,WHITE,107316,0,,,,5UXTR9C57KLD98373,2e3296c3b796,edge_pipeline_vehicle_search_2026-06-09.csv,2026-06-10T16:54:50.346509+00:00,UNKNOWN,HIGH,,AWD,5UX,2026-06-10,7,0,0,0,0,0,0
21,231106,2019,BMW,X3,XDrive30i,WHITE,110690,1,4.3,Green,,5UXTR9C59KLP94897,2e3296c3b796,edge_pipeline_vehicle_search_2026-06-09.csv,2026-06-10T16:54:50.346509+00:00,GREEN,HIGH,GOOD,AWD,5UX,2026-06-10,7,0,0,0,0,0,0
36,1527796,2019,BMW,X3,XDrive30i,GREEN,114102,1,1.5,Red,,5UXTR9C51KLE20884,2e3296c3b796,edge_pipeline_vehicle_search_2026-06-09.csv,2026-06-10T16:54:50.346509+00:00,RED,HIGH,POOR,AWD,5UX,2026-06-10,7,0,0,0,0,0,0
31,42806,2019,BMW,X3,sDrive30i,GRAY,114811,1,3.0,,,5UXTR7C56KLF35517,2e3296c3b796,edge_pipeline_vehicle_search_2026-06-09.csv,2026-06-10T16:54:50.346509+00:00,UNKNOWN,HIGH,FAIR,RWD,5UX,2026-06-10,7,0,0,0,0,0,0
11,553001,2019,BMW,X3,sDrive30i,SILVER,121110,1,,,,5UXTR7C50KLR51575,2e3296c3b796,edge_pipeline_vehicle_search_2026-06-09.csv,2026-06-10T16:54:50.346509+00:00,UNKNOWN,HIGH,,RWD,5UX,2026-06-10,7,0,0,0,0,0,0
20,111064,2019,BMW,X3,sDrive30i,GRAY,135650,0,,Green,,5UXTR7C59KLF27265,2e3296c3b796,edge_pipeline_vehicle_search_2026-06-09.csv,2026-06-10T16:54:50.346509+00:00,GREEN,HIGH,,RWD,5UX,2026-06-10,7,0,0,0,0,0,0
24,190099,2018,BMW,X3,XDrive30i,BLACK,71799,0,,,,5UXTR9C59JLC69825,2e3296c3b796,edge_pipeline_vehicle_search_2026-06-09.csv,2026-06-10T16:54:50.346509+00:00,UNKNOWN,MEDIUM,,AWD,5UX,2026-06-10,8,0,0,0,0,0,0
18,231057,2018,BMW,X3,M40i,BLACK,103394,1,2.7,Red,,5UXTS3C53J0Y98061,2e3296c3b796,edge_pipeline_vehicle_search_2026-06-09.csv,2026-06-10T16:54:50.346509+00:00,RED,HIGH,FAIR,UNKNOWN,5UX,2026-06-10,8,0,0,0,0,0,0
18,27269,2018,BMW,X3,M40i,BLACK,136934,1,4.5,Green,AAA Certified,5UXTS3C56J0Z02507,2e3296c3b796,edge_pipeline_vehicle_search_2026-06-09.csv,2026-06-10T16:54:50.346509+00:00,GREEN,HIGH,EXCELLENT,UNKNOWN,5UX,2026-06-10,8,0,0,0,0,0,0
25,149280,2018,BMW,X3,XDrive30i,GRAY,161861,1,3.8,,"OVER 100,000",5UXTR9C5XJLD66144,2e3296c3b796,edge_pipeline_vehicle_search_2026-06-09.csv,2026-06-10T16:54:50.346509+00:00,UNKNOWN,HIGH,GOOD,AWD,5UX,2026-06-10,8,0,0,0,0,0,0
4,1434467,2017,BMW,X3,sDrive28i,BLACK,62660,0,,,,5UXWZ7C30H0X42844,2e3296c3b796,edge_pipeline_vehicle_search_2026-06-09.csv,2026-06-10T16:54:50.346509+00:00,UNKNOWN,MEDIUM,,RWD,5UX,2026-06-10,9,0,0,0,0,0,0
18,10255870,2017,BMW,X3,sDrive28i,RED,93782,1,3.6,,,5UXWZ7C57H0V85296,2e3296c3b796,edge_pipeline_vehicle_search_2026-06-09.csv,2026-06-10T16:54:50.346509+00:00,UNKNOWN,MEDIUM,GOOD,RWD,5UX,2026-06-10,9,0,0,0,0,0,0
22,149248,2017,BMW,X3,XDrive35i,BLUE,95343,1,3.7,,,5UXWX7C59H0U41691,2e3296c3b796,edge_pipeline_vehicle_search_2026-06-09.csv,2026-06-10T16:54:50.346509+00:00,UNKNOWN,MEDIUM,GOOD,AWD,5UX,2026-06-10,9,0,0,0,0,0,0
12,10255717,2017,BMW,X3,sDrive28i,SILVER,96487,1,4.0,Green,BACKUP CAM OUT,5UXWZ7C39H0V90997,2e3296c3b796,edge_pipeline_vehicle_search_2026-06-09.csv,2026-06-10T16:54:50.346509+00:00,GREEN,MEDIUM,GOOD,RWD,5UX,2026-06-10,9,0,0,0,0,0,0
20,231082,2017,BMW,X3,XDrive28i,BLACK,99201,1,4.1,Green,,5UXWX9C51H0T09276,2e3296c3b796,edge_pipeline_vehicle_search_2026-06-09.csv,2026-06-10T16:54:50.346509+00:00,GREEN,MEDIUM,GOOD,AWD,5UX,2026-06-10,9,0,0,0,0,0,0
17,1193841,2017,BMW,X3,XDrive28i,SILVER,111610,1,4.8,,AS IS,5UXWX9C39H0T18256,2e3296c3b796,edge_pipeline_vehicle_search_2026-06-09.csv,2026-06-10T16:54:50.346509+00:00,UNKNOWN,HIGH,EXCELLENT,AWD,5UX,2026-06-10,9,1,0,0,0,0,0
27,171329,2017,BMW,X3,XDrive28i,WHITE,135889,1,,Red,,5UXWX9C3XH0T17813,2e3296c3b796,edge_pipeline_vehicle_search_2026-06-09.csv,2026-06-10T16:54:50.346509+00:00,RED,HIGH,,AWD,5UX,2026-06-10,9,0,0,0,0,0,0
15,15950,2017,BMW,X3,XDrive28i,WHITE,153789,1,3.5,,,5UXWX9C33H0T18575,2e3296c3b796,edge_pipeline_vehicle_search_2026-06-09.csv,2026-06-10T16:54:50.346509+00:00,UNKNOWN,HIGH,GOOD,AWD,5UX,2026-06-10,9,0,0,0,0,0,0
42,958882,2017,BMW,X3,XDrive28i,GRAY,211183,1,2.5,Red,AS IS,5UXWX9C59H0D95987,2e3296c3b796,edge_pipeline_vehicle_search_2026-06-09.csv,2026-06-10T16:54:50.346509+00:00,RED,HIGH,FAIR,AWD,5UX,2026-06-10,9,1,0,0,0,0,0
15,352520,2016,BMW,X3,XDrive35i,WHITE,52986,0,,Red,,5UXWX7C56G0R17717,2e3296c3b796,edge_pipeline_vehicle_search_2026-06-09.csv,2026-06-10T16:54:50.346509+00:00,RED,MEDIUM,,AWD,5UX,2026-06-10,10,0,0,0,0,0,0
30,254304,2016,BMW,X3,XDrive28i,WHITE,83758,1,4.2,Red,,5UXWX9C58G0D83098,2e3296c3b796,edge_pipeline_vehicle_search_2026-06-09.csv,2026-06-10T16:54:50.346509+00:00,RED,MEDIUM,GOOD,AWD,5UX,2026-06-10,10,0,0,0,0,0,0
51,74040,2016,BMW,X3,XDrive28i,BLACK,88074,1,2.9,Green,,5UXWX9C55G0D78263,2e3296c3b796,edge_pipeline_vehicle_search_2026-06-09.csv,2026-06-10T16:54:50.346509+00:00,GREEN,MEDIUM,FAIR,AWD,5UX,2026-06-10,10,0,0,0,0,0,0
22,839065,2016,BMW,X3,XDrive28i,BLUE,100921,1,4.4,Green,,5UXWX9C56G0D76103,2e3296c3b796,edge_pipeline_vehicle_search_2026-06-09.csv,2026-06-10T16:54:50.346509+00:00,GREEN,HIGH,GOOD,AWD,5UX,2026-06-10,10,0,0,0,0,0,0
29,858452,2016,BMW,X3,XDrive28i,BLUE,122233,1,3.6,Red,,5UXWX9C54G0D82675,2e3296c3b796,edge_pipeline_vehicle_search_2026-06-09.csv,2026-06-10T16:54:50.346509+00:00,RED,HIGH,GOOD,AWD,5UX,2026-06-10,10,0,0,0,0,0,0
3,244674,2016,BMW,X3,XDrive28i,BLACK,130477,0,,,(A)Not Actual Miles,5UXWX9C57G0D73842,2e3296c3b796,edge_pipeline_vehicle_search_2026-06-09.csv,2026-06-10T16:54:50.346509+00:00,UNKNOWN,HIGH,,AWD,5UX,2026-06-10,10,0,0,0,0,0,0
28,1097634,2016,BMW,X3,XDrive35i,WHITE,133239,1,4.6,,ONE OWNER; CLEAN CARFAX/AUTOCHECK; M-SPORT,5UXWX7C56G0K36084,2e3296c3b796,edge_pipeline_vehicle_search_2026-06-09.csv,2026-06-10T16:54:50.346509+00:00,UNKNOWN,HIGH,EXCELLENT,AWD,5UX,2026-06-10,10,0,0,0,0,0,0
25,231289,2016,BMW,X3,XDrive28i,WHITE,145461,1,2.9,Red,,5UXWX9C55G0D63505,2e3296c3b796,edge_pipeline_vehicle_search_2026-06-09.csv,2026-06-10T16:54:50.346509+00:00,RED,HIGH,FAIR,AWD,5UX,2026-06-10,10,0,0,0,0,0,0
29,118375,2015,BMW,X3,XDrive28i,BLACK,108610,1,2.5,Red,AS-IS,5UXWX9C54F0D57256,2e3296c3b796,edge_pipeline_vehicle_search_2026-06-09.csv,2026-06-10T16:54:50.346509+00:00,RED,HIGH,FAIR,AWD,5UX,2026-06-10,11,1,0,0,0,0,0
31,858451,2015,BMW,X3,XDrive28i,BLUE,150034,1,3.4,Red,,5UXWX9C51F0D61698,2e3296c3b796,edge_pipeline_vehicle_search_2026-06-09.csv,2026-06-10T16:54:50.346509+00:00,RED,HIGH,FAIR,AWD,5UX,2026-06-10,11,0,0,0,0,0,0
19,112963299,2015,BMW,X3,XDrive28i 4D SAV,BLACK,159657,0,,,,5UXWX9C54F0D53224,2e3296c3b796,edge_pipeline_vehicle_search_2026-06-09.csv,2026-06-10T16:54:50.346509+00:00,UNKNOWN,HIGH,,AWD,5UX,2026-06-10,11,0,0,0,0,0,0
13,1003011,2015,BMW,X3,XDrive28d,WHITE,208139,0,,Red,,5UXWY3C55F0E95690,2e3296c3b796,edge_pipeline_vehicle_search_2026-06-09.csv,2026-06-10T16:54:50.346509+00:00,RED,HIGH,,AWD,5UX,2026-06-10,11,0,0,0,0,0,0
13,553190,2014,BMW,X3,XDrive28i,TAN,79504,1,,,,5UXWX9C58E0D19902,2e3296c3b796,edge_pipeline_vehicle_search_2026-06-09.csv,2026-06-10T16:54:50.346509+00:00,UNKNOWN,MEDIUM,,AWD,5UX,2026-06-10,12,0,0,0,0,0,0
17,148411,2014,BMW,X3,XDrive35i,GRAY,86587,0,,,TA,5UXWX7C51E0K31209,2e3296c3b796,edge_pipeline_vehicle_search_2026-06-09.csv,2026-06-10T16:54:50.346509+00:00,UNKNOWN,MEDIUM,,AWD,5UX,2026-06-10,12,0,0,0,0,0,0
42,951774,2014,BMW,X3,XDrive35i,TEAL,91050,1,1.8,Red,(A)TRUE MILES UNKNOWN,5UXWX7C50E0E78918,2e3296c3b796,edge_pipeline_vehicle_search_2026-06-09.csv,2026-06-10T16:54:50.346509+00:00,RED,MEDIUM,POOR,AWD,5UX,2026-06-10,12,0,0,0,0,0,0
18,9232,2014,BMW,X3,XDrive28i,BLACK,102737,0,,Red,,5UXWX9C59E0D28592,2e3296c3b796,edge_pipeline_vehicle_search_2026-06-09.csv,2026-06-10T16:54:50.346509+00:00,RED,HIGH,,AWD,5UX,2026-06-10,12,0,0,0,0,0,0
12,803603,2014,BMW,X3,XDrive28i,GRAY,103361,1,3.5,Red,,5UXWX9C52E0D23430,2e3296c3b796,edge_pipeline_vehicle_search_2026-06-09.csv,2026-06-10T16:54:50.346509+00:00,RED,HIGH,GOOD,AWD,5UX,2026-06-10,12,0,0,0,0,0,0
11,229210,2014,BMW,X3,XDrive28i,WHITE,122988,0,,Red,,5UXWX9C57E0D31572,2e3296c3b796,edge_pipeline_vehicle_search_2026-06-09.csv,2026-06-10T16:54:50.346509+00:00,RED,HIGH,,AWD,5UX,2026-06-10,12,0,0,0,0,0,0
22,254121,2014,BMW,X3,XDrive28i,GRAY,129455,1,3.7,Red,,5UXWX9C53E0D18267,2e3296c3b796,edge_pipeline_vehicle_search_2026-06-09.csv,2026-06-10T16:54:50.346509+00:00,RED,HIGH,GOOD,AWD,5UX,2026-06-10,12,0,0,0,0,0,0
18,149282,2014,BMW,X3,XDrive28i,GRAY,135402,0,,,"OVER 100,000",5UXWX9C51E0D11804,2e3296c3b796,edge_pipeline_vehicle_search_2026-06-09.csv,2026-06-10T16:54:50.346509+00:00,UNKNOWN,HIGH,,AWD,5UX,2026-06-10,12,0,0,0,0,0,0
52,50196033,2014,BMW,X3,XDrive35i,BLUE,176072,1,1.7,Red,INOP,5UXWX7C53EL984304,2e3296c3b796,edge_pipeline_vehicle_search_2026-06-09.csv,2026-06-10T16:54:50.346509+00:00,RED,HIGH,POOR,AWD,5UX,2026-06-10,12,0,1,0,0,0,0
30,1634847,2013,BMW,X3,XDrive28i,BLUE,92817,1,2.9,Red,AS IS; (A) STRUCTURAL DAMAGE,5UXWX9C58D0D01995,2e3296c3b796,edge_pipeline_vehicle_search_2026-06-09.csv,2026-06-10T16:54:50.346509+00:00,RED,MEDIUM,FAIR,AWD,5UX,2026-06-10,13,1,0,1,0,0,0
14,1003000,2013,BMW,X3,XDrive28i,BLACK,96543,1,4.2,Red,,5UXWX9C57D0A09738,2e3296c3b796,edge_pipeline_vehicle_search_2026-06-09.csv,2026-06-10T16:54:50.346509+00:00,RED,MEDIUM,GOOD,AWD,5UX,2026-06-10,13,0,0,0,0,0,0
16,825203,2013,BMW,X3,XDrive28i,SILVER,98033,0,,Red,,5UXWX9C58D0A32638,2e3296c3b796,edge_pipeline_vehicle_search_2026-06-09.csv,2026-06-10T16:54:50.346509+00:00,RED,MEDIUM,,AWD,5UX,2026-06-10,13,0,0,0,0,0,0
14,1003002,2013,BMW,X3,XDrive35i,BLUE,100870,1,3.6,Red,,5UXWX7C58DL983292,2e3296c3b796,edge_pipeline_vehicle_search_2026-06-09.csv,2026-06-10T16:54:50.346509+00:00,RED,HIGH,GOOD,AWD,5UX,2026-06-10,13,0,0,0,0,0,0
14,288341,2013,BMW,X3,XDrive28i,WHITE,119323,1,4.2,,FLEET/LEASE,5UXWX9C55D0A18289,2e3296c3b796,edge_pipeline_vehicle_search_2026-06-09.csv,2026-06-10T16:54:50.346509+00:00,UNKNOWN,HIGH,GOOD,AWD,5UX,2026-06-10,13,0,0,0,0,0,0
7,918391,2013,BMW,X3,XDrive28i,BLACK,140423,0,,,,5UXWX9C59D0D01682,2e3296c3b796,edge_pipeline_vehicle_search_2026-06-09.csv,2026-06-10T16:54:50.346509+00:00,UNKNOWN,HIGH,,AWD,5UX,2026-06-10,13,0,0,0,0,0,0
7,918351,2013,BMW,X3,XDrive28i,WHITE,155183,0,,Green,,5UXWX9C50D0A21374,2e3296c3b796,edge_pipeline_vehicle_search_2026-06-09.csv,2026-06-10T16:54:50.346509+00:00,GREEN,HIGH,,AWD,5UX,2026-06-10,13,0,0,0,0,0,0
0,277597,2013,BMW,X3,XDrive35i,WHITE,163683,0,,,,5UXWX7C54DL979949,2e3296c3b796,edge_pipeline_vehicle_search_2026-06-09.csv,2026-06-10T16:54:50.346509+00:00,UNKNOWN,HIGH,,AWD,5UX,2026-06-10,13,0,0,0,0,0,0
13,750441,2013,BMW,X3,XDrive28i,BLUE,164776,0,,Red,TH,5UXWX9C58D0A12373,2e3296c3b796,edge_pipeline_vehicle_search_2026-06-09.csv,2026-06-10T16:54:50.346509+00:00,RED,HIGH,,AWD,5UX,2026-06-10,13,0,0,0,0,0,0
15,825421,2013,BMW,X3,XDrive28i,WHITE,170265,0,,Red,,5UXWX9C55D0A21967,2e3296c3b796,edge_pipeline_vehicle_search_2026-06-09.csv,2026-06-10T16:54:50.346509+00:00,RED,HIGH,,AWD,5UX,2026-06-10,13,0,0,0,0,0,0
21,148104,2022,BMW,X4,XDrive30i,WHITE,79378,1,4.2,,,5UX33DT01N9J91470,2e3296c3b796,edge_pipeline_vehicle_search_2026-06-09.csv,2026-06-10T16:54:50.346509+00:00,UNKNOWN,MEDIUM,GOOD,AWD,5UX,2026-06-10,4,0,0,0,0,0,0
28,977416,2022,BMW,X4,XDrive30i,BLUE,90167,1,4.7,Green,BECU NO RISK,5UX33DT08N9K80162,2e3296c3b796,edge_pipeline_vehicle_search_2026-06-09.csv,2026-06-10T16:54:50.346509+00:00,GREEN,MEDIUM,EXCELLENT,AWD,5UX,2026-06-10,4,0,0,0,0,0,0
28,141411,2021,BMW,X4,M Sports Activity Coupe,BLACK,29006,1,3.0,,(A)RECOVERED THEFT; AS IS,5YMUJ0C09M9H28650,2e3296c3b796,edge_pipeline_vehicle_search_2026-06-09.csv,2026-06-10T16:54:50.346509+00:00,UNKNOWN,LOW,FAIR,UNKNOWN,5YM,2026-06-10,5,1,0,0,0,0,0
44,589240,2021,BMW,X4,XDrive30i,GRAY,80060,1,2.4,Red,AS IS,5UX2V1C04M9G72058,2e3296c3b796,edge_pipeline_vehicle_search_2026-06-09.csv,2026-06-10T16:54:50.346509+00:00,RED,MEDIUM,POOR,AWD,5UX,2026-06-10,5,1,0,0,0,0,0
28,44428,2019,BMW,X4,M40i,BLACK,78259,1,3.7,,,5UXUJ5C59KLJ62597,2e3296c3b796,edge_pipeline_vehicle_search_2026-06-09.csv,2026-06-10T16:54:50.346509+00:00,UNKNOWN,MEDIUM,GOOD,UNKNOWN,5UX,2026-06-10,7,0,0,0,0,0,0
17,10255672,2017,BMW,X4,M40i,BLACK,99607,1,4.0,Green,COLLISION SENSOR LIGHT ON,5UXXW7C51H0U25346,2e3296c3b796,edge_pipeline_vehicle_search_2026-06-09.csv,2026-06-10T16:54:50.346509+00:00,GREEN,MEDIUM,GOOD,UNKNOWN,5UX,2026-06-10,9,0,0,0,0,0,0
44,589417,2017,BMW,X4,M40i,WHITE,120435,1,3.1,Red,AS IS,5UXXW7C5XH0U25040,2e3296c3b796,edge_pipeline_vehicle_search_2026-06-09.csv,2026-06-10T16:54:50.346509+00:00,RED,HIGH,FAIR,UNKNOWN,5UX,2026-06-10,9,1,0,0,0,0,0
24,19812,2016,BMW,X4,XDrive28i,BLACK,108097,1,,,,5UXXW3C55G0R18955,2e3296c3b796,edge_pipeline_vehicle_search_2026-06-09.csv,2026-06-10T16:54:50.346509+00:00,UNKNOWN,HIGH,,AWD,5UX,2026-06-10,10,0,0,0,0,0,0
14,305448,2026,BMW,X5,M60i,GRAY,10046,1,4.8,Green,,5UX33EU05T9222575,2e3296c3b796,edge_pipeline_vehicle_search_2026-06-09.csv,2026-06-10T16:54:50.346509+00:00,GREEN,LOW,EXCELLENT,UNKNOWN,5UX,2026-06-10,0,0,0,0,0,0,0
14,310836,2025,BMW,X5,XDrive40i,BLUE,4372,1,4.5,Green,,5UX23EU08S9Z06210,2e3296c3b796,edge_pipeline_vehicle_search_2026-06-09.csv,2026-06-10T16:54:50.346509+00:00,GREEN,LOW,EXCELLENT,AWD,5UX,2026-06-10,1,0,0,0,0,0,0
22,17160,2024,BMW,X5,XDrive40i,WHITE,5611,1,5.0,,PREVIOUS CANADIAN,5UX23EU0XR9V71526,2e3296c3b796,edge_pipeline_vehicle_search_2026-06-09.csv,2026-06-10T16:54:50.346509+00:00,UNKNOWN,LOW,EXCELLENT,AWD,5UX,2026-06-10,2,0,0,0,0,0,0
26,254242,2024,BMW,X5,XDrive40i,BLACK,28042,1,3.6,Green,,5UX23EU0XR9S40462,2e3296c3b796,edge_pipeline_vehicle_search_2026-06-09.csv,2026-06-10T16:54:50.346509+00:00,GREEN,LOW,GOOD,AWD,5UX,2026-06-10,2,0,0,0,0,0,0
27,19813,2024,BMW,X5,sDrive40i,BLUE,44178,1,,,,5UX13EU01R9S84877,2e3296c3b796,edge_pipeline_vehicle_search_2026-06-09.csv,2026-06-10T16:54:50.346509+00:00,UNKNOWN,MEDIUM,,RWD,5UX,2026-06-10,2,0,0,0,0,0,0
24,858387,2023,BMW,X5,sDrive40i,GRAY,53730,1,4.7,,,5UXCR4C07P9P31180,2e3296c3b796,edge_pipeline_vehicle_search_2026-06-09.csv,2026-06-10T16:54:50.346509+00:00,UNKNOWN,MEDIUM,EXCELLENT,RWD,5UX,2026-06-10,3,0,0,0,0,0,0
36,1528746,2022,BMW,X5,M50i,BLACK,56530,1,3.3,Green,front differential noise,5UXJU4C0XN9J19669,2e3296c3b796,edge_pipeline_vehicle_search_2026-06-09.csv,2026-06-10T16:54:50.346509+00:00,GREEN,MEDIUM,FAIR,UNKNOWN,5UX,2026-06-10,4,0,0,0,0,0,0
3,16125,2022,BMW,X5,xDrive45e,WHITE,59020,0,,,,5UXTA6C02N9M16156,2e3296c3b796,edge_pipeline_vehicle_search_2026-06-09.csv,2026-06-10T16:54:50.346509+00:00,UNKNOWN,MEDIUM,,AWD,5UX,2026-06-10,4,0,0,0,0,0,0
15,10255894,2022,BMW,X5,sDrive40i,WHITE,89201,1,3.9,,,5UXCR4C01N9M39635,2e3296c3b796,edge_pipeline_vehicle_search_2026-06-09.csv,2026-06-10T16:54:50.346509+00:00,UNKNOWN,MEDIUM,GOOD,RWD,5UX,2026-06-10,4,0,0,0,0,0,0
15,27157,2021,BMW,X5,XDrive40i,BLACK,38813,0,,Green,AAA CERTIFIED; GREEN LIGHT,5UXCR6C09M9H31160,2e3296c3b796,edge_pipeline_vehicle_search_2026-06-09.csv,2026-06-10T16:54:50.346509+00:00,GREEN,MEDIUM,,AWD,5UX,2026-06-10,5,0,0,0,0,0,1
1,16965,2021,BMW,X5,XDrive40i,GRAY,41863,0,,,PREVIOUS CANADIAN,5UXCR6C01M9F75258,2e3296c3b796,edge_pipeline_vehicle_search_2026-06-09.csv,2026-06-10T16:54:50.346509+00:00,UNKNOWN,MEDIUM,,AWD,5UX,2026-06-10,5,0,0,0,0,0,0
13,1485264,2021,BMW,X5,M50i,BLACK,63789,0,,,AS IS,5UXJU4C0XM9E54206,2e3296c3b796,edge_pipeline_vehicle_search_2026-06-09.csv,2026-06-10T16:54:50.346509+00:00,UNKNOWN,MEDIUM,,UNKNOWN,5UX,2026-06-10,5,1,0,0,0,0,0
21,1097356,2021,BMW,X5,M50i,WHITE,86404,1,4.8,,,5UXJU4C06M9E12390,2e3296c3b796,edge_pipeline_vehicle_search_2026-06-09.csv,2026-06-10T16:54:50.346509+00:00,UNKNOWN,MEDIUM,EXCELLENT,UNKNOWN,5UX,2026-06-10,5,0,0,0,0,0,0
21,149279,2021,BMW,X5,xDrive45e,BLUE,118770,1,4.1,,"OVER 100,000",5UXTA6C07M9E53785,2e3296c3b796,edge_pipeline_vehicle_search_2026-06-09.csv,2026-06-10T16:54:50.346509+00:00,UNKNOWN,HIGH,GOOD,AWD,5UX,2026-06-10,5,0,0,0,0,0,0
20,148644,2020,BMW,X5,XDrive40i,WHITE,41643,1,4.0,,,5UXCR6C03L9C51047,2e3296c3b796,edge_pipeline_vehicle_search_2026-06-09.csv,2026-06-10T16:54:50.346509+00:00,UNKNOWN,MEDIUM,GOOD,AWD,5UX,2026-06-10,6,0,0,0,0,0,0
32,4303267,2020,BMW,X5,XDrive40i,BLACK,64307,1,4.0,,AS IS,5UXCR6C06L9B64310,2e3296c3b796,edge_pipeline_vehicle_search_2026-06-09.csv,2026-06-10T16:54:50.346509+00:00,UNKNOWN,MEDIUM,GOOD,AWD,5UX,2026-06-10,6,1,0,0,0,0,0
34,33590,2020,BMW,X5,M50i,BLACK,78359,1,3.7,Green,,5UXJU4C08L9D01483,2e3296c3b796,edge_pipeline_vehicle_search_2026-06-09.csv,2026-06-10T16:54:50.346509+00:00,GREEN,MEDIUM,GOOD,UNKNOWN,5UX,2026-06-10,6,0,0,0,0,0,0
24,1325853,2020,BMW,X5,XDrive40i,GREEN,82493,1,3.1,,,5UXCR6C05L9B92972,2e3296c3b796,edge_pipeline_vehicle_search_2026-06-09.csv,2026-06-10T16:54:50.346509+00:00,UNKNOWN,MEDIUM,FAIR,AWD,5UX,2026-06-10,6,0,0,0,0,0,0
7,5264612,2019,BMW,X5,XDrive40i,WHITE,28841,0,,Green,,5UXCR6C56KLL53677,2e3296c3b796,edge_pipeline_vehicle_search_2026-06-09.csv,2026-06-10T16:54:50.346509+00:00,GREEN,LOW,,AWD,5UX,2026-06-10,7,0,0,0,0,0,0
29,390445,2019,BMW,X5,XDrive40i,BLUE,53538,1,,Green,NEW CAR STORE EXTRA KEY IN OFFICE,5UXCR6C51KLL02927,2e3296c3b796,edge_pipeline_vehicle_search_2026-06-09.csv,2026-06-10T16:54:50.346509+00:00,GREEN,MEDIUM,,AWD,5UX,2026-06-10,7,0,0,0,0,0,0
20,149249,2019,BMW,X5,XDrive40i,GRAY,59724,1,3.8,,,5UXCR6C58KLL60906,2e3296c3b796,edge_pipeline_vehicle_search_2026-06-09.csv,2026-06-10T16:54:50.346509+00:00,UNKNOWN,MEDIUM,GOOD,AWD,5UX,2026-06-10,7,0,0,0,0,0,0
25,552377,2019,BMW,X5,XDrive40i,BLACK,61899,1,4.5,,,5UXCR6C53KLB12288,2e3296c3b796,edge_pipeline_vehicle_search_2026-06-09.csv,2026-06-10T16:54:50.346509+00:00,UNKNOWN,MEDIUM,EXCELLENT,AWD,5UX,2026-06-10,7,0,0,0,0,0,0
11,229246,2019,BMW,X5,XDrive40i,BLACK,71257,0,,Red,,5UXCR6C55KLL37096,2e3296c3b796,edge_pipeline_vehicle_search_2026-06-09.csv,2026-06-10T16:54:50.346509+00:00,RED,MEDIUM,,AWD,5UX,2026-06-10,7,0,0,0,0,0,0
18,305895,2019,BMW,X5,XDrive40i,BLACK,84249,1,4.5,Green,,5UXCR6C52KLK88097,2e3296c3b796,edge_pipeline_vehicle_search_2026-06-09.csv,2026-06-10T16:54:50.346509+00:00,GREEN,MEDIUM,EXCELLENT,AWD,5UX,2026-06-10,7,0,0,0,0,0,0
15,825502,2019,BMW,X5,XDrive40i,BLACK,87353,0,,Red,,5UXCR6C5XKLL05180,2e3296c3b796,edge_pipeline_vehicle_search_2026-06-09.csv,2026-06-10T16:54:50.346509+00:00,RED,MEDIUM,,AWD,5UX,2026-06-10,7,0,0,0,0,0,0
25,837931,2019,BMW,X5,XDrive40i,BLACK,87433,1,3.6,,,5UXCR6C57KLB12519,2e3296c3b796,edge_pipeline_vehicle_search_2026-06-09.csv,2026-06-10T16:54:50.346509+00:00,UNKNOWN,MEDIUM,GOOD,AWD,5UX,2026-06-10,7,0,0,0,0,0,0
15,27294,2019,BMW,X5,XDrive40i,WHITE,100564,0,,Red,,5UXCR6C50KLL10694,2e3296c3b796,edge_pipeline_vehicle_search_2026-06-09.csv,2026-06-10T16:54:50.346509+00:00,RED,HIGH,,AWD,5UX,2026-06-10,7,0,0,0,0,0,0
28,980434,2019,BMW,X5,XDrive40i,BLACK,114644,1,4.7,Green,GREENLIGHT; EMISSIONS NOT CVRD,5UXCR6C51KLK88544,2e3296c3b796,edge_pipeline_vehicle_search_2026-06-09.csv,2026-06-10T16:54:50.346509+00:00,GREEN,HIGH,EXCELLENT,AWD,5UX,2026-06-10,7,0,0,0,0,0,1
4,1434060,2019,BMW,X5,XDrive50i,GRAY,120955,0,,,,5UXJU2C55KLN64352,2e3296c3b796,edge_pipeline_vehicle_search_2026-06-09.csv,2026-06-10T16:54:50.346509+00:00,UNKNOWN,HIGH,,AWD,5UX,2026-06-10,7,0,0,0,0,0,0
24,149235,2019,BMW,X5,XDrive40i,BLACK,129682,1,3.9,,"OVER 100,000",5UXCR6C53KLL24072,2e3296c3b796,edge_pipeline_vehicle_search_2026-06-09.csv,2026-06-10T16:54:50.346509+00:00,UNKNOWN,HIGH,GOOD,AWD,5UX,2026-06-10,7,0,0,0,0,0,0
16,84705,2018,BMW,X5,XDrive50i,SILVER,64513,0,,Red,,5UXKR6C53J0U14821,2e3296c3b796,edge_pipeline_vehicle_search_2026-06-09.csv,2026-06-10T16:54:50.346509+00:00,RED,MEDIUM,,AWD,5UX,2026-06-10,8,0,0,0,0,0,0
19,662544,2018,BMW,X5,XDrive35i,BLUE,86726,1,3.0,Red,AS IS,5UXKR0C54J0Y00449,2e3296c3b796,edge_pipeline_vehicle_search_2026-06-09.csv,2026-06-10T16:54:50.346509+00:00,RED,MEDIUM,FAIR,AWD,5UX,2026-06-10,8,1,0,0,0,0,0
19,1315708,2018,BMW,X5,sDrive35i,WHITE,91411,1,4.5,White,,5UXKR2C5XJ0Z18081,2e3296c3b796,edge_pipeline_vehicle_search_2026-06-09.csv,2026-06-10T16:54:50.346509+00:00,WHITE,MEDIUM,EXCELLENT,RWD,5UX,2026-06-10,8,0,0,0,0,0,0
13,1003219,2018,BMW,X5,xDrive40e iPerformance,WHITE,94361,0,,Red,,5UXKT0C58J0W02409,2e3296c3b796,edge_pipeline_vehicle_search_2026-06-09.csv,2026-06-10T16:54:50.346509+00:00,RED,MEDIUM,,AWD,5UX,2026-06-10,8,0,0,0,0,0,0
13,1003049,2018,BMW,X5,xDrive40e iPerformance,WHITE,98336,0,,Red,,5UXKT0C53J0V99127,2e3296c3b796,edge_pipeline_vehicle_search_2026-06-09.csv,2026-06-10T16:54:50.346509+00:00,RED,MEDIUM,,AWD,5UX,2026-06-10,8,0,0,0,0,0,0
18,941550,2018,BMW,X5,XDrive35i,GRAY,103710,0,,,,5UXKR0C5XJ0Y01623,2e3296c3b796,edge_pipeline_vehicle_search_2026-06-09.csv,2026-06-10T16:54:50.346509+00:00,UNKNOWN,HIGH,,AWD,5UX,2026-06-10,8,0,0,0,0,0,0
21,87483,2018,BMW,X5,XDrive50i,BLACK,107324,1,4.3,,,5UXKR6C54J0U14956,2e3296c3b796,edge_pipeline_vehicle_search_2026-06-09.csv,2026-06-10T16:54:50.346509+00:00,UNKNOWN,HIGH,GOOD,AWD,5UX,2026-06-10,8,0,0,0,0,0,0
21,267655,2018,BMW,X5,,BLACK,115748,0,,Red,,5UXKR0C54J0X91543,2e3296c3b796,edge_pipeline_vehicle_search_2026-06-09.csv,2026-06-10T16:54:50.346509+00:00,RED,HIGH,,UNKNOWN,5UX,2026-06-10,8,0,0,0,0,0,0
14,230933,2018,BMW,X5,XDrive35i,BLACK,126133,0,,Red,,5UXKR0C51J0X95596,2e3296c3b796,edge_pipeline_vehicle_search_2026-06-09.csv,2026-06-10T16:54:50.346509+00:00,RED,HIGH,,AWD,5UX,2026-06-10,8,0,0,0,0,0,0
27,1098485,2018,BMW,X5,XDrive35i,WHITE,132845,1,4.3,Green,PANO ROOF; GREEN LIGHT,5UXKR0C57J0X92024,2e3296c3b796,edge_pipeline_vehicle_search_2026-06-09.csv,2026-06-10T16:54:50.346509+00:00,GREEN,HIGH,GOOD,AWD,5UX,2026-06-10,8,0,0,0,0,0,1
14,553238,2018,BMW,X5,XDrive35i,BLACK,143984,1,,,,5UXKR0C55J0Y00203,2e3296c3b796,edge_pipeline_vehicle_search_2026-06-09.csv,2026-06-10T16:54:50.346509+00:00,UNKNOWN,HIGH,,AWD,5UX,2026-06-10,8,0,0,0,0,0,0
37,2020260,2017,BMW,X5,XDrive35i,GRAY,79812,1,3.7,Red,AS IS NO ARB(MT); *; O/S TITLE,5UXKR0C39H0V76801,2e3296c3b796,edge_pipeline_vehicle_search_2026-06-09.csv,2026-06-10T16:54:50.346509+00:00,RED,MEDIUM,GOOD,AWD,5UX,2026-06-10,9,1,0,0,0,0,0
8,926842,2017,BMW,X5,XDrive35i,WHITE,90072,1,4.5,Green,TA,5UXKR0C39H0V82887,2e3296c3b796,edge_pipeline_vehicle_search_2026-06-09.csv,2026-06-10T16:54:50.346509+00:00,GREEN,MEDIUM,EXCELLENT,AWD,5UX,2026-06-10,9,0,0,0,0,0,0
25,255996,2017,BMW,X5,xDrive40e iPerformance,BLACK,92090,1,4.8,Red,,5UXKT0C3XH0V96623,2e3296c3b796,edge_pipeline_vehicle_search_2026-06-09.csv,2026-06-10T16:54:50.346509+00:00,RED,MEDIUM,EXCELLENT,AWD,5UX,2026-06-10,9,0,0,0,0,0,0
13,1012859,2017,BMW,X5,XDrive50i,GRAY,107077,0,,Red,NON RUNNER,5UXKR6C50H0J84245,2e3296c3b796,edge_pipeline_vehicle_search_2026-06-09.csv,2026-06-10T16:54:50.346509+00:00,RED,HIGH,,AWD,5UX,2026-06-10,9,0,0,0,0,0,0
0,2021906,2017,BMW,X5,xDrive40e iPerformance,WHITE,113682,0,,,DMV EXP 12/18/2026,5UXKT0C55H0S80614,2e3296c3b796,edge_pipeline_vehicle_search_2026-06-09.csv,2026-06-10T16:54:50.346509+00:00,UNKNOWN,HIGH,,AWD,5UX,2026-06-10,9,0,0,0,0,0,0
32,42476,2017,BMW,X5,sDrive35i,SILVER,144716,1,3.7,,,5UXKR2C52H0U19088,2e3296c3b796,edge_pipeline_vehicle_search_2026-06-09.csv,2026-06-10T16:54:50.346509+00:00,UNKNOWN,HIGH,GOOD,RWD,5UX,2026-06-10,9,0,0,0,0,0,0
39,4426,2017,BMW,X5,,WHITE,146292,0,,,,5UXKR2C56H0U18963,2e3296c3b796,edge_pipeline_vehicle_search_2026-06-09.csv,2026-06-10T16:54:50.346509+00:00,UNKNOWN,HIGH,,UNKNOWN,5UX,2026-06-10,9,0,0,0,0,0,0
23,566297,2016,BMW,X5,XDrive35i,WHITE,88174,1,3.7,,,5UXKR0C58G0P22685,2e3296c3b796,edge_pipeline_vehicle_search_2026-06-09.csv,2026-06-10T16:54:50.346509+00:00,UNKNOWN,MEDIUM,GOOD,AWD,5UX,2026-06-10,10,0,0,0,0,0,0
34,253829,2016,BMW,X5,XDrive35i,SILVER,92430,1,3.1,Red,,5UXKR0C53G0S86179,2e3296c3b796,edge_pipeline_vehicle_search_2026-06-09.csv,2026-06-10T16:54:50.346509+00:00,RED,MEDIUM,FAIR,AWD,5UX,2026-06-10,10,0,0,0,0,0,0
19,943504,2016,BMW,X5,XDrive35i,BLACK,121565,0,,,,5UXKR0C58G0P19334,2e3296c3b796,edge_pipeline_vehicle_search_2026-06-09.csv,2026-06-10T16:54:50.346509+00:00,UNKNOWN,HIGH,,AWD,5UX,2026-06-10,10,0,0,0,0,0,0
30,1006579,2015,BMW,X5,XDrive50i,BLACK,44799,1,4.0,Green,AMERICAS CERTIFIED,5UXKR6C58F0J79064,2e3296c3b796,edge_pipeline_vehicle_search_2026-06-09.csv,2026-06-10T16:54:50.346509+00:00,GREEN,MEDIUM,GOOD,AWD,5UX,2026-06-10,11,0,0,0,0,0,0
14,1003095,2015,BMW,X5,XDrive35i,BLACK,78451,1,4.6,Red,,5UXKR0C55F0P01050,2e3296c3b796,edge_pipeline_vehicle_search_2026-06-09.csv,2026-06-10T16:54:50.346509+00:00,RED,MEDIUM,EXCELLENT,AWD,5UX,2026-06-10,11,0,0,0,0,0,0
38,110648,2015,BMW,X5,XDrive35i,GOLD,78935,1,4.6,Green,,5UXKR0C51F0K61828,2e3296c3b796,edge_pipeline_vehicle_search_2026-06-09.csv,2026-06-10T16:54:50.346509+00:00,GREEN,MEDIUM,EXCELLENT,AWD,5UX,2026-06-10,11,0,0,0,0,0,0
26,254323,2015,BMW,X5,XDrive35i,BLACK,79919,1,2.2,Red,,5UXKR0C55F0P08600,2e3296c3b796,edge_pipeline_vehicle_search_2026-06-09.csv,2026-06-10T16:54:50.346509+00:00,RED,MEDIUM,POOR,AWD,5UX,2026-06-10,11,0,0,0,0,0,0
39,1531260,2015,BMW,X5,XDrive35i,SILVER,85899,1,3.7,Green,,5UXKR0C52F0P08151,2e3296c3b796,edge_pipeline_vehicle_search_2026-06-09.csv,2026-06-10T16:54:50.346509+00:00,GREEN,MEDIUM,GOOD,AWD,5UX,2026-06-10,11,0,0,0,0,0,0
20,110066,2015,BMW,X5,XDrive35i,WHITE,105204,0,,Green,CHECK ENGINE LIGHT IS ON BUT REPAIR HAS BEEN DONE WITH AFTERMARKET PART,5UXKR0C57F0P16522,2e3296c3b796,edge_pipeline_vehicle_search_2026-06-09.csv,2026-06-10T16:54:50.346509+00:00,GREEN,HIGH,,AWD,5UX,2026-06-10,11,0,0,0,0,0,0
26,128928,2015,BMW,X5,XDrive35d,BLUE,116588,1,3.4,Red,TITLE PRESENT; DMV PEN 210,5UXKS4C5XF0J98241,2e3296c3b796,edge_pipeline_vehicle_search_2026-06-09.csv,2026-06-10T16:54:50.346509+00:00,RED,HIGH,FAIR,AWD,5UX,2026-06-10,11,0,0,0,0,0,0
43,1527980,2015,BMW,X5,XDrive35i,SILVER,122801,1,2.6,Green,chassis function restriction message,5UXKR0C50F0P04048,2e3296c3b796,edge_pipeline_vehicle_search_2026-06-09.csv,2026-06-10T16:54:50.346509+00:00,GREEN,HIGH,FAIR,AWD,5UX,2026-06-10,11,0,0,0,0,0,0
23,1325720,2015,BMW,X5,XDrive35i,BLUE,126903,1,4.0,,,5UXKR0C5XF0P08592,2e3296c3b796,edge_pipeline_vehicle_search_2026-06-09.csv,2026-06-10T16:54:50.346509+00:00,UNKNOWN,HIGH,GOOD,AWD,5UX,2026-06-10,11,0,0,0,0,0,0
19,267792,2015,BMW,X5,XDrive35i,GRAY,127566,0,,Red,,5UXKR0C54F0P11259,2e3296c3b796,edge_pipeline_vehicle_search_2026-06-09.csv,2026-06-10T16:54:50.346509+00:00,RED,HIGH,,AWD,5UX,2026-06-10,11,0,0,0,0,0,0
15,700979,2015,BMW,X5,XDrive35i,BLACK,132954,0,,Green,,5UXKR0C52F0K63569,2e3296c3b796,edge_pipeline_vehicle_search_2026-06-09.csv,2026-06-10T16:54:50.346509+00:00,GREEN,HIGH,,AWD,5UX,2026-06-10,11,0,0,0,0,0,0
24,1322034,2015,BMW,X5,XDrive50i,BLACK,139399,1,2.9,White,,5UXKR6C50F0J75543,2e3296c3b796,edge_pipeline_vehicle_search_2026-06-09.csv,2026-06-10T16:54:50.346509+00:00,WHITE,HIGH,FAIR,AWD,5UX,2026-06-10,11,0,0,0,0,0,0
30,111184,2015,BMW,X5,XDrive35i,GRAY,144457,1,3.9,,,5UXKR0C50F0K69399,2e3296c3b796,edge_pipeline_vehicle_search_2026-06-09.csv,2026-06-10T16:54:50.346509+00:00,UNKNOWN,HIGH,GOOD,AWD,5UX,2026-06-10,11,0,0,0,0,0,0
4,1434447,2015,BMW,X5,XDrive35i,BLACK,144930,0,,,,5UXKR0C52F0P12572,2e3296c3b796,edge_pipeline_vehicle_search_2026-06-09.csv,2026-06-10T16:54:50.346509+00:00,UNKNOWN,HIGH,,AWD,5UX,2026-06-10,11,0,0,0,0,0,0
17,565818,2015,BMW,X5,XDrive35i,GRAY,154938,1,3.8,Red,3RD PARTY SELLER,5UXKR0C59F0K61768,2e3296c3b796,edge_pipeline_vehicle_search_2026-06-09.csv,2026-06-10T16:54:50.346509+00:00,RED,HIGH,GOOD,AWD,5UX,2026-06-10,11,0,0,0,0,0,0
25,1235088,2015,BMW,X5,sDrive35i,BLACK,174428,1,3.9,,,5UXKR2C55F0H36749,2e3296c3b796,edge_pipeline_vehicle_search_2026-06-09.csv,2026-06-10T16:54:50.346509+00:00,UNKNOWN,HIGH,GOOD,RWD,5UX,2026-06-10,11,0,0,0,0,0,0
40,133953,2014,BMW,X5,XDrive50i,GRAY,106961,1,3.6,Red,AS IS,5UXKR6C57E0J72850,2e3296c3b796,edge_pipeline_vehicle_search_2026-06-09.csv,2026-06-10T16:54:50.346509+00:00,RED,HIGH,GOOD,AWD,5UX,2026-06-10,12,1,0,0,0,0,0
18,231083,2014,BMW,X5,XDrive35i,BLACK,133205,1,4.3,Red,,5UXKR0C54E0H20609,2e3296c3b796,edge_pipeline_vehicle_search_2026-06-09.csv,2026-06-10T16:54:50.346509+00:00,RED,HIGH,GOOD,AWD,5UX,2026-06-10,12,0,0,0,0,0,0
23,267870,2014,BMW,X5,,BLACK,135687,0,,Red,,5UXKR0C52E0H24867,2e3296c3b796,edge_pipeline_vehicle_search_2026-06-09.csv,2026-06-10T16:54:50.346509+00:00,RED,HIGH,,UNKNOWN,5UX,2026-06-10,12,0,0,0,0,0,0
19,208014,2014,BMW,X5,XDrive50i,BLACK,138476,0,,Red,TAKES ALL OFFERS; AS IS TO INC FRAME,5UXKR6C52E0J71671,2e3296c3b796,edge_pipeline_vehicle_search_2026-06-09.csv,2026-06-10T16:54:50.346509+00:00,RED,HIGH,,AWD,5UX,2026-06-10,12,1,0,0,0,0,0
1,112963977,2014,BMW,X5,XDrive35i 4D SAV,BLACK,190652,0,,,,5UXKR0C53E0H20729,2e3296c3b796,edge_pipeline_vehicle_search_2026-06-09.csv,2026-06-10T16:54:50.346509+00:00,UNKNOWN,HIGH,,AWD,5UX,2026-06-10,12,0,0,0,0,0,0
25,426205,2013,BMW,X5,XDrive35i,WHITE,87004,1,3.9,,,5UXZV4C50D0E00073,2e3296c3b796,edge_pipeline_vehicle_search_2026-06-09.csv,2026-06-10T16:54:50.346509+00:00,UNKNOWN,MEDIUM,GOOD,AWD,5UX,2026-06-10,13,0,0,0,0,0,0
7,914605,2013,BMW,X5,XDrive35i,BLACK,94882,0,,Red,,5UXZV4C58D0E07742,2e3296c3b796,edge_pipeline_vehicle_search_2026-06-09.csv,2026-06-10T16:54:50.346509+00:00,RED,MEDIUM,,AWD,5UX,2026-06-10,13,0,0,0,0,0,0
46,590748,2013,BMW,X5,XDrive35i,GRAY,97709,1,3.5,Red,RED LT,5UXZV4C52D0B17660,2e3296c3b796,edge_pipeline_vehicle_search_2026-06-09.csv,2026-06-10T16:54:50.346509+00:00,RED,MEDIUM,GOOD,AWD,5UX,2026-06-10,13,0,0,0,0,0,0
22,587324,2013,BMW,X5,XDrive35i,BLACK,102640,1,,Green,,5UXZV4C51D0E11549,2e3296c3b796,edge_pipeline_vehicle_search_2026-06-09.csv,2026-06-10T16:54:50.346509+00:00,GREEN,HIGH,,AWD,5UX,2026-06-10,13,0,0,0,0,0,0
13,15953,2013,BMW,X5,XDRIVE35I,BLUE,109694,1,3.9,,,5UXZV4C57D0B14687,2e3296c3b796,edge_pipeline_vehicle_search_2026-06-09.csv,2026-06-10T16:54:50.346509+00:00,UNKNOWN,HIGH,GOOD,AWD,5UX,2026-06-10,13,0,0,0,0,0,0
25,253993,2013,BMW,X5,XDrive35i,GRAY,123139,1,4.1,Red,,5UXZV4C50D0B06169,2e3296c3b796,edge_pipeline_vehicle_search_2026-06-09.csv,2026-06-10T16:54:50.346509+00:00,RED,HIGH,GOOD,AWD,5UX,2026-06-10,13,0,0,0,0,0,0
19,1290291,2013,BMW,X5,XDrive35i Premium,BROWN,131198,1,3.0,Red,,5UXZV4C50D0E09016,2e3296c3b796,edge_pipeline_vehicle_search_2026-06-09.csv,2026-06-10T16:54:50.346509+00:00,RED,HIGH,FAIR,AWD,5UX,2026-06-10,13,0,0,0,0,0,0
24,1178349,2013,BMW,X5,XDrive35i Premium,BROWN,137159,1,3.5,,,5UXZV4C5XD0B20919,2e3296c3b796,edge_pipeline_vehicle_search_2026-06-09.csv,2026-06-10T16:54:50.346509+00:00,UNKNOWN,HIGH,GOOD,AWD,5UX,2026-06-10,13,0,0,0,0,0,0
21,128889,2013,BMW,X5,XDrive35i,SILVER,144398,1,3.5,Red,TITLE PRESENT,5UXZV4C54D0G55860,2e3296c3b796,edge_pipeline_vehicle_search_2026-06-09.csv,2026-06-10T16:54:50.346509+00:00,RED,HIGH,GOOD,AWD,5UX,2026-06-10,13,0,0,0,0,0,0
25,1290408,2013,BMW,X5,XDrive35i Premium,GRAY,154612,1,3.9,Red,DELAYED TITLE; FRAME & DRIVE AS IS,5UXZV4C53D0E02190,2e3296c3b796,edge_pipeline_vehicle_search_2026-06-09.csv,2026-06-10T16:54:50.346509+00:00,RED,HIGH,GOOD,AWD,5UX,2026-06-10,13,1,0,0,0,0,0
18,2095545,2013,BMW,X5,XDrive35i Premium,BROWN,154860,0,,Green,AG,5UXZV4C51D0B06620,2e3296c3b796,edge_pipeline_vehicle_search_2026-06-09.csv,2026-06-10T16:54:50.346509+00:00,GREEN,HIGH,,AWD,5UX,2026-06-10,13,0,0,0,0,0,0
15,147382,2013,BMW,X5,XDrive50i,BLACK,170807,0,,,"OVER 100,000; THIRD PARTY SELLER",5UXZV8C56D0F76519,2e3296c3b796,edge_pipeline_vehicle_search_2026-06-09.csv,2026-06-10T16:54:50.346509+00:00,UNKNOWN,HIGH,,AWD,5UX,2026-06-10,13,0,0,0,0,0,0
27,942450,2013,BMW,X5,XDRIVE35I,SILVER,172946,1,2.2,,,5UXZV4C57D0G54329,2e3296c3b796,edge_pipeline_vehicle_search_2026-06-09.csv,2026-06-10T16:54:50.346509+00:00,UNKNOWN,HIGH,POOR,AWD,5UX,2026-06-10,13,0,0,0,0,0,0
36,989563,2013,BMW,X5,XDrive35i,SILVER,183138,1,2.4,Red,INOP AS IS,5UXZV4C51D0B23174,2e3296c3b796,edge_pipeline_vehicle_search_2026-06-09.csv,2026-06-10T16:54:50.346509+00:00,RED,HIGH,POOR,AWD,5UX,2026-06-10,13,1,1,0,0,0,0
7,73070,2013,BMW,X5,,BLACK,187011,1,3.0,,,5UXZV4C53D0G52514,2e3296c3b796,edge_pipeline_vehicle_search_2026-06-09.csv,2026-06-10T16:54:50.347512+00:00,UNKNOWN,HIGH,FAIR,UNKNOWN,5UX,2026-06-10,13,0,0,0,0,0,0
36,9098059,2013,BMW,X5,XDRIVE35I,BLACK,219629,1,,"Red,Blue",,5UXZV4C53D0B11379,2e3296c3b796,edge_pipeline_vehicle_search_2026-06-09.csv,2026-06-10T16:54:50.347512+00:00,RED,HIGH,,AWD,5UX,2026-06-10,13,0,0,0,0,0,0
20,565900,2020,BMW,X6,M Sports Activity Coupe,GRAY,71255,1,4.8,Green,,5YMCY0C00L9D64432,2e3296c3b796,edge_pipeline_vehicle_search_2026-06-09.csv,2026-06-10T16:54:50.347512+00:00,GREEN,MEDIUM,EXCELLENT,UNKNOWN,5YM,2026-06-10,6,0,0,0,0,0,0
29,1097973,2018,BMW,X6,XDrive35i,SILVER,84107,1,4.4,Green,,5UXKU2C52J0X50614,2e3296c3b796,edge_pipeline_vehicle_search_2026-06-09.csv,2026-06-10T16:54:50.347512+00:00,GREEN,MEDIUM,GOOD,AWD,5UX,2026-06-10,8,0,0,0,0,0,0
27,1229252,2018,BMW,X6,XDrive35i,BLACK,104785,1,4.2,Red,,5UXKU2C53J0Z62745,2e3296c3b796,edge_pipeline_vehicle_search_2026-06-09.csv,2026-06-10T16:54:50.347512+00:00,RED,HIGH,GOOD,AWD,5UX,2026-06-10,8,0,0,0,0,0,0
0,19818,2017,BMW,X6,XDrive35i,BLACK,84241,0,,,,5UXKU2C30H0N85591,2e3296c3b796,edge_pipeline_vehicle_search_2026-06-09.csv,2026-06-10T16:54:50.347512+00:00,UNKNOWN,MEDIUM,,AWD,5UX,2026-06-10,9,0,0,0,0,0,0
30,43172,2016,BMW,X6,M 4dr,BLACK,100859,1,4.2,Red,AG; (C)PREVIOUS CANADIAN,5YMKW8C51G0R43531,2e3296c3b796,edge_pipeline_vehicle_search_2026-06-09.csv,2026-06-10T16:54:50.347512+00:00,RED,HIGH,GOOD,UNKNOWN,5YM,2026-06-10,10,0,0,0,0,0,0
34,327181,2014,BMW,X6,XDrive50i,BLUE,74714,1,1.5,Red,RED LIGHT -; INOP NO BRAKES -; MOTOR AND TRANS ENGAGE AT TIME OF CR,5UXFG8C58EL592800,2e3296c3b796,edge_pipeline_vehicle_search_2026-06-09.csv,2026-06-10T16:54:50.347512+00:00,RED,MEDIUM,POOR,AWD,5UX,2026-06-10,12,0,1,0,0,0,0
16,1175821,2014,BMW,X6,XDrive50i,BLACK,111142,0,,Red,,5UXFG8C58EL592781,2e3296c3b796,edge_pipeline_vehicle_search_2026-06-09.csv,2026-06-10T16:54:50.347512+00:00,RED,HIGH,,AWD,5UX,2026-06-10,12,0,0,0,0,0,0
37,585331,2014,BMW,X6,XDrive35i,RED,111569,1,2.0,Red,(A)TRUE MILES UKNOWN; RED LT; (A)NOT ACTUAL MILES; (A)CANADIAN RENEWAL,5UXFG2C58E0K41223,2e3296c3b796,edge_pipeline_vehicle_search_2026-06-09.csv,2026-06-10T16:54:50.347512+00:00,RED,HIGH,POOR,AWD,5UX,2026-06-10,12,0,0,0,0,0,0
22,149284,2014,BMW,X6,XDrive50i,BLACK,138186,1,3.4,,"OVER 100,000",5UXFG8C52EL592629,2e3296c3b796,edge_pipeline_vehicle_search_2026-06-09.csv,2026-06-10T16:54:50.347512+00:00,UNKNOWN,HIGH,FAIR,AWD,5UX,2026-06-10,12,0,0,0,0,0,0
16,147005,2013,BMW,X6,XDrive50i,WHITE,111894,0,,,"OVER 100,000",5UXFG8C58DL591757,2e3296c3b796,edge_pipeline_vehicle_search_2026-06-09.csv,2026-06-10T16:54:50.347512+00:00,UNKNOWN,HIGH,,AWD,5UX,2026-06-10,13,0,0,0,0,0,0
40,333113,2013,BMW,X6,XDrive50i,BLACK,121943,1,3.3,Yellow,"X6,CLEAN CARFAX,LOW MILES,ROOF,ALLOYS",5UXFG8C5XDL591811,2e3296c3b796,edge_pipeline_vehicle_search_2026-06-09.csv,2026-06-10T16:54:50.347512+00:00,YELLOW,HIGH,FAIR,AWD,5UX,2026-06-10,13,0,0,0,0,0,0
14,553044,2024,BMW,X7,XDrive40i,WHITE,19092,1,,,,5UX23EM09R9V95297,2e3296c3b796,edge_pipeline_vehicle_search_2026-06-09.csv,2026-06-10T16:54:50.347512+00:00,UNKNOWN,LOW,,AWD,5UX,2026-06-10,2,0,0,0,0,0,0
23,663276,2024,BMW,X7,M60i,BLACK,39515,1,4.4,Green,7 DAY GRAA GUARANTEE,5UX33EM06R9U81827,2e3296c3b796,edge_pipeline_vehicle_search_2026-06-09.csv,2026-06-10T16:54:50.347512+00:00,GREEN,MEDIUM,GOOD,UNKNOWN,5UX,2026-06-10,2,0,0,0,0,0,0
32,333252,2022,BMW,X7,XDrive40i,BLACK,66381,1,4.0,Green,"1 OWNER,CLEAN CARFAX,LOW MILES,PANO ROOF,21s",5UXCW2C09N9M90846,2e3296c3b796,edge_pipeline_vehicle_search_2026-06-09.csv,2026-06-10T16:54:50.347512+00:00,GREEN,MEDIUM,GOOD,AWD,5UX,2026-06-10,4,0,0,0,0,0,0
31,109691,2022,BMW,X7,M50i,GRAY,84685,1,4.0,"Green,Yellow",REAR DIFF NOISE,5UXCX6C08N9M56949,2e3296c3b796,edge_pipeline_vehicle_search_2026-06-09.csv,2026-06-10T16:54:50.347512+00:00,GREEN,MEDIUM,GOOD,UNKNOWN,5UX,2026-06-10,4,0,0,0,0,0,0
16,1179617,2021,BMW,X7,XDrive40i,BLACK,71351,0,,Red,,5UXCW2C00M9H47264,2e3296c3b796,edge_pipeline_vehicle_search_2026-06-09.csv,2026-06-10T16:54:50.347512+00:00,RED,MEDIUM,,AWD,5UX,2026-06-10,5,0,0,0,0,0,0
28,79130,2021,BMW,X7,XDrive40i,WHITE,95227,1,3.4,Red,,5UXCW2C09M9E82165,2e3296c3b796,edge_pipeline_vehicle_search_2026-06-09.csv,2026-06-10T16:54:50.347512+00:00,RED,MEDIUM,FAIR,AWD,5UX,2026-06-10,5,0,0,0,0,0,0
7,918416,2020,BMW,X7,M50i,BLACK,76402,0,,Green,,5UXCX6C06LLE36038,2e3296c3b796,edge_pipeline_vehicle_search_2026-06-09.csv,2026-06-10T16:54:50.347512+00:00,GREEN,MEDIUM,,UNKNOWN,5UX,2026-06-10,6,0,0,0,0,0,0
34,33366,2020,BMW,X7,XDrive40i,BLACK,136760,1,4.2,Green,3RD PARTY SELLER - GREEN LIGHT,5UXCW2C0XL9B05519,2e3296c3b796,edge_pipeline_vehicle_search_2026-06-09.csv,2026-06-10T16:54:50.347512+00:00,GREEN,HIGH,GOOD,AWD,5UX,2026-06-10,6,0,0,0,0,0,1
14,1003184,2019,BMW,X7,XDrive50i,GRAY,89104,1,4.6,Red,,5UXCX4C57KLS37575,2e3296c3b796,edge_pipeline_vehicle_search_2026-06-09.csv,2026-06-10T16:54:50.347512+00:00,RED,MEDIUM,EXCELLENT,AWD,5UX,2026-06-10,7,0,0,0,0,0,0
10,229230,2019,BMW,X7,XDrive40i,WHITE,112287,0,,Red,,5UXCW2C52KL085891,2e3296c3b796,edge_pipeline_vehicle_search_2026-06-09.csv,2026-06-10T16:54:50.347512+00:00,RED,HIGH,,AWD,5UX,2026-06-10,7,0,0,0,0,0,0
21,229000,2025,BMW,XM,Sports Activity Vehicle,BLUE,1852,1,4.6,Red,,5YM23CS06S9Z74635,2e3296c3b796,edge_pipeline_vehicle_search_2026-06-09.csv,2026-06-10T16:54:50.347512+00:00,RED,LOW,EXCELLENT,UNKNOWN,5YM,2026-06-10,1,0,0,0,0,0,0
17,566004,2019,BMW,Z4,sDrive30i,BLACK,16981,1,4.8,,,WBAHF3C52KWW27077,2e3296c3b796,edge_pipeline_vehicle_search_2026-06-09.csv,2026-06-10T16:54:50.347512+00:00,UNKNOWN,LOW,EXCELLENT,RWD,WBA,2026-06-10,7,0,0,0,0,0,0
23,42547,2016,BMW,Z4,sDrive28i,WHITE,177123,1,4.4,,,WBALL5C51GP557944,2e3296c3b796,edge_pipeline_vehicle_search_2026-06-09.csv,2026-06-10T16:54:50.347512+00:00,UNKNOWN,HIGH,GOOD,RWD,WBA,2026-06-10,10,0,0,0,0,0,0
35,822224,2013,BMW,Z4,sDrive28i,WHITE,100855,1,2.4,Green,ENGINE HAS OIL LEAK; HAS ACTIVE LEAN CODES; GREEN LIGHT,WBALL5C57DJ103776,2e3296c3b796,edge_pipeline_vehicle_search_2026-06-09.csv,2026-06-10T16:54:50.347512+00:00,GREEN,HIGH,POOR,RWD,WBA,2026-06-10,13,0,0,0,0,0,1
